cust_id,lead_score_0_100,cltv_decile,cltv_category_q,recommended_action,priority_flag,ml_proba,hybrid_score_0_100,champion_model,nbp_1,nbp_1_score,nbp_2,nbp_2_score,nbp_3,nbp_3_score
C00135,100,1,Very High,Call + RM follow-up,1,0.9333333373069763,97.0,xgb,Credit Card,0.717,Personal Loan,0.531,FD,0.436
C00399,67,1,Very High,Call + RM follow-up,1,0.9333333373069763,78.0,xgb,Credit Card,0.843,Personal Loan,0.718,Overdraft,0.593
C00212,67,1,Very High,Call + RM follow-up,1,0.9333333373069763,78.0,xgb,Credit Card,0.764,Personal Loan,0.574,FD,0.38
C00251,71,1,Very High,Call + RM follow-up,1,0.8342857241630555,76.0,xgb,Credit Card,0.798,Personal Loan,0.78,Overdraft,0.487
C00020,61,1,Very High,Call + RM follow-up,1,0.925,74.0,xgb,Credit Card,0.838,Personal Loan,0.828,Overdraft,0.582
C00184,60,1,Very High,Call + RM follow-up,1,0.9333333373069763,73.0,xgb,Credit Card,0.787,Personal Loan,0.64,FD,0.433
C00108,55,1,Very High,Call + RM follow-up,1,0.9333333373069763,70.0,xgb,Credit Card,0.755,Personal Loan,0.586,FD,0.475
C00465,44,1,Very High,Call + RM follow-up,1,1.0,66.0,xgb,Credit Card,0.772,Personal Loan,0.622,FD,0.422
C00392,48,1,Very High,Call + RM follow-up,1,0.925,66.0,xgb,Credit Card,0.758,Personal Loan,0.502,FD,0.472
C00036,46,1,Very High,Call + RM follow-up,1,0.9333333373069763,65.0,xgb,Credit Card,0.908,Personal Loan,0.79,Overdraft,0.67
C00025,47,1,Very High,Call + RM follow-up,1,0.9142857193946838,65.0,xgb,Credit Card,0.869,Personal Loan,0.68,Overdraft,0.476
C00255,46,1,Very High,Call + RM follow-up,1,0.9009523868560791,64.0,xgb,Credit Card,0.82,Personal Loan,0.768,Overdraft,0.561
C00019,43,1,Very High,Call + RM follow-up,1,0.9333333373069763,63.0,xgb,Credit Card,0.745,Personal Loan,0.543,FD,0.486
C00088,43,1,Very High,Call + RM follow-up,1,0.925,63.0,xgb,Credit Card,0.777,Personal Loan,0.622,FD,0.477
C00450,47,1,Very High,Call + RM follow-up,1,0.8790870785713196,63.0,xgb,Credit Card,0.829,Personal Loan,0.705,FD,0.423
C00248,49,1,Very High,Call + RM follow-up,1,0.8450000047683716,63.0,xgb,Credit Card,0.852,Personal Loan,0.744,Overdraft,0.476
C00028,42,1,Very High,Call + RM follow-up,1,0.925,62.0,xgb,Credit Card,0.826,Personal Loan,0.759,Overdraft,0.598
C00113,50,1,Very High,Call + RM follow-up,1,0.7700000047683716,61.0,xgb,Credit Card,0.862,Personal Loan,0.684,Overdraft,0.468
C00395,44,1,Very High,Call + RM follow-up,1,0.8366666674613953,60.0,xgb,Credit Card,0.73,Personal Loan,0.423,FD,0.356
C00129,44,1,Very High,Call + RM follow-up,1,0.8342857241630555,60.0,xgb,Credit Card,0.81,Personal Loan,0.704,Overdraft,0.579
C00305,36,1,Very High,Call + RM follow-up,1,0.925,59.0,xgb,Credit Card,0.851,Personal Loan,0.685,FD,0.548
C00048,36,1,Very High,Call + RM follow-up,1,0.925,59.0,xgb,Credit Card,0.72,Personal Loan,0.549,FD,0.431
C00375,40,1,Very High,Call + RM follow-up,1,0.8583333373069764,58.0,xgb,Credit Card,0.722,Personal Loan,0.522,FD,0.32
C00486,37,1,Very High,Call + RM follow-up,1,0.8583333373069764,57.0,xgb,Credit Card,0.798,FD,0.758,Overdraft,0.72
C00219,37,1,Very High,Call + RM follow-up,1,0.8450000047683716,56.0,xgb,Credit Card,0.827,Personal Loan,0.646,FD,0.38
C00011,38,1,Very High,Call + RM follow-up,1,0.8342857241630555,56.0,xgb,Credit Card,0.701,Personal Loan,0.482,FD,0.402
C00421,30,1,Very High,Call + RM follow-up,1,0.9333333373069763,55.0,xgb,Credit Card,0.722,Personal Loan,0.525,FD,0.424
C00196,30,1,Very High,Call + RM follow-up,1,0.9333333373069763,55.0,xgb,Credit Card,0.83,Personal Loan,0.714,FD,0.442
C00193,41,1,Very High,Call + RM follow-up,1,0.7688095271587372,55.0,xgb,Credit Card,0.699,Personal Loan,0.462,FD,0.403
C00309,41,1,Very High,Call + RM follow-up,1,0.7508884102106095,55.0,xgb,Credit Card,0.724,Overdraft,0.546,Personal Loan,0.545
C00181,28,1,Very High,Call + RM follow-up,1,0.925,54.0,xgb,Credit Card,0.697,Personal Loan,0.498,FD,0.435
C00497,29,1,Very High,Call + RM follow-up,1,0.925,54.0,xgb,Credit Card,0.75,Personal Loan,0.512,FD,0.447
C00128,30,1,Very High,Call + RM follow-up,1,0.9116666674613952,54.0,xgb,Credit Card,0.701,FD,0.427,Personal Loan,0.42
C00360,33,1,Very High,Call + RM follow-up,1,0.8594578623771667,54.0,xgb,Credit Card,0.623,FD,0.455,Personal Loan,0.319
C00444,33,1,Very High,Call + RM follow-up,1,0.8450000047683716,54.0,xgb,Credit Card,0.715,Personal Loan,0.459,FD,0.427
C00050,33,1,Very High,Call + RM follow-up,1,0.8450000047683716,54.0,xgb,Credit Card,0.726,FD,0.465,Personal Loan,0.449
C00314,26,2,High,Call within 48h,1,0.9333333373069763,53.0,xgb,Credit Card,0.739,FD,0.483,Personal Loan,0.46
C00095,26,2,High,Call within 48h,1,0.9333333373069763,53.0,xgb,Credit Card,0.829,Personal Loan,0.694,Overdraft,0.475
C00094,30,1,Very High,Call + RM follow-up,1,0.8632988810539246,53.0,xgb,Credit Card,0.757,Personal Loan,0.5,FD,0.451
C00291,36,1,Very High,Call + RM follow-up,1,0.7771428644657135,53.0,xgb,Credit Card,0.833,Personal Loan,0.72,Overdraft,0.486
C00252,24,2,High,Call within 48h,1,0.9333333373069763,52.0,xgb,Credit Card,0.738,Personal Loan,0.468,FD,0.421
C00258,29,1,Very High,Call + RM follow-up,1,0.853333342075348,52.0,xgb,Credit Card,0.726,Personal Loan,0.495,FD,0.427
C00380,31,1,Very High,Call + RM follow-up,1,0.8459143757820129,52.0,xgb,Credit Card,0.79,Personal Loan,0.57,FD,0.548
C00124,31,1,Very High,Call + RM follow-up,1,0.8342857241630555,52.0,xgb,Credit Card,0.794,Personal Loan,0.772,Overdraft,0.549
C00279,35,1,Very High,Call + RM follow-up,1,0.7688095271587372,52.0,xgb,Credit Card,0.727,Personal Loan,0.576,FD,0.473
C00118,22,2,High,Call within 48h,1,0.9333333373069763,51.0,xgb,Credit Card,0.727,Personal Loan,0.545,FD,0.389
C00202,24,2,High,Call within 48h,1,0.9200000047683716,51.0,xgb,Credit Card,0.772,Personal Loan,0.609,FD,0.45
C00008,24,2,High,Call within 48h,1,0.9200000047683716,51.0,xgb,Credit Card,0.728,Personal Loan,0.475,FD,0.418
C00159,24,2,High,Call within 48h,1,0.9200000047683716,51.0,xgb,Credit Card,0.772,Personal Loan,0.589,FD,0.455
C00430,33,1,Very High,Call + RM follow-up,1,0.7688095271587372,51.0,xgb,Credit Card,0.82,Personal Loan,0.73,FD,0.499
C00345,21,2,High,Call within 48h,1,0.9333333373069763,50.0,xgb,Credit Card,0.628,FD,0.427,Personal Loan,0.303
C00460,22,2,High,Call within 48h,1,0.9116666674613952,50.0,xgb,Credit Card,0.736,FD,0.47,Personal Loan,0.469
C00077,23,2,High,Call within 48h,1,0.9116666674613952,50.0,xgb,Credit Card,0.774,Overdraft,0.702,FD,0.634
C00043,23,2,High,Call within 48h,1,0.9116666674613952,50.0,xgb,Credit Card,0.74,FD,0.501,Personal Loan,0.468
C00183,22,2,High,Call within 48h,1,0.9116666674613952,50.0,xgb,Credit Card,0.67,FD,0.449,Personal Loan,0.435
C00039,22,2,High,Call within 48h,1,0.9116666674613952,50.0,xgb,Credit Card,0.722,Personal Loan,0.521,FD,0.436
C00434,27,2,High,Call within 48h,1,0.8450000047683716,50.0,xgb,Credit Card,0.86,Personal Loan,0.838,Overdraft,0.481
C00047,20,2,High,Call within 48h,1,0.925,49.0,xgb,Credit Card,0.614,FD,0.397,Personal Loan,0.285
C00287,22,2,High,Call within 48h,1,0.9057539939880371,49.0,xgb,Credit Card,0.737,Personal Loan,0.431,FD,0.331
C00024,31,1,Very High,Call + RM follow-up,1,0.7516666680574418,49.0,xgb,Credit Card,0.742,Personal Loan,0.49,FD,0.4
C00403,32,1,Very High,Call + RM follow-up,1,0.7409523874521255,49.0,xgb,Credit Card,0.779,Personal Loan,0.575,FD,0.502
C00404,22,2,High,Call within 48h,1,0.8784613966941833,48.0,xgb,Credit Card,0.712,Personal Loan,0.449,FD,0.427
C00435,22,2,High,Call within 48h,1,0.8583333373069764,48.0,xgb,Credit Card,0.695,Personal Loan,0.479,FD,0.457
C00009,23,2,High,Call within 48h,1,0.8480592608451843,48.0,xgb,Credit Card,0.817,Personal Loan,0.737,Overdraft,0.482
C00106,23,2,High,Call within 48h,1,0.8450000047683716,48.0,xgb,Credit Card,0.838,Personal Loan,0.745,Overdraft,0.464
C00276,24,2,High,Call within 48h,1,0.844155216217041,48.0,xgb,Credit Card,0.804,Personal Loan,0.631,FD,0.475
C00167,24,2,High,Call within 48h,1,0.8342857241630555,48.0,xgb,Credit Card,0.728,Personal Loan,0.453,FD,0.439
C00424,24,2,High,Call within 48h,1,0.8342857241630555,48.0,xgb,Credit Card,0.604,FD,0.425,Personal Loan,0.294
C00335,30,1,Very High,Call + RM follow-up,1,0.7516666680574418,48.0,xgb,Credit Card,0.808,Personal Loan,0.717,Overdraft,0.51
C00086,22,2,High,Call within 48h,1,0.8450000047683716,47.0,xgb,Credit Card,0.772,Personal Loan,0.675,Overdraft,0.44
C00189,22,2,High,Call within 48h,1,0.8342857241630555,47.0,xgb,Credit Card,0.617,FD,0.396,Personal Loan,0.291
C00487,20,2,High,Call within 48h,1,0.8450000047683716,46.0,xgb,Credit Card,0.719,Personal Loan,0.457,FD,0.451
C00149,20,2,High,Call within 48h,1,0.8450000047683716,46.0,xgb,Credit Card,0.632,FD,0.455,Personal Loan,0.314
C00340,21,2,High,Call within 48h,1,0.8450000047683716,46.0,xgb,Credit Card,0.789,Personal Loan,0.588,FD,0.465
C00068,26,2,High,Call within 48h,1,0.7616796612739563,46.0,xgb,Credit Card,0.826,Personal Loan,0.718,Overdraft,0.567
C00021,26,2,High,Call within 48h,1,0.754285728931427,46.0,xgb,Credit Card,0.72,Personal Loan,0.529,FD,0.522
C00217,20,2,High,Call within 48h,1,0.8342857241630555,45.0,xgb,Credit Card,0.755,Personal Loan,0.52,FD,0.458
C00408,24,2,High,Call within 48h,1,0.7690827488899231,45.0,xgb,Credit Card,0.692,FD,0.491,Personal Loan,0.406
C00215,23,2,High,Call within 48h,1,0.7676190614700318,45.0,xgb,Credit Card,0.781,Personal Loan,0.617,FD,0.518
C00431,24,2,High,Call within 48h,1,0.7676190614700318,45.0,xgb,Credit Card,0.743,Personal Loan,0.481,FD,0.464
C00472,28,1,Very High,Call + RM follow-up,1,0.7001724183559418,45.0,xgb,Credit Card,0.782,Personal Loan,0.684,Overdraft,0.535
C00484,27,2,High,Call within 48h,1,0.7001724183559418,44.0,xgb,Credit Card,0.719,Personal Loan,0.448,FD,0.419
C00180,28,1,Very High,Call + RM follow-up,1,0.6894581377506256,44.0,xgb,Credit Card,0.63,FD,0.461,Personal Loan,0.299
C00127,28,1,High,Call + RM follow-up,1,0.6894581377506256,44.0,xgb,Credit Card,0.751,FD,0.635,Personal Loan,0.565
C00213,25,2,High,Call within 48h,1,0.6894581377506256,43.0,xgb,Credit Card,0.613,FD,0.354,Personal Loan,0.273
C00461,26,2,High,Call within 48h,1,0.6894581377506256,43.0,xgb,Credit Card,0.75,Personal Loan,0.66,Overdraft,0.513
C00235,26,2,High,Call within 48h,1,0.6894581377506256,43.0,xgb,Credit Card,0.783,Personal Loan,0.681,Overdraft,0.497
C00401,24,2,High,Call within 48h,1,0.6972338020801544,42.0,xgb,Credit Card,0.696,Personal Loan,0.445,FD,0.408
C00234,21,2,High,Call within 48h,1,0.7002906620502471,41.0,xgb,FD,0.245,Personal Loan,0.1,Overdraft,0.036
C00442,22,2,High,Call within 48h,1,0.660000005364418,40.0,xgb,Credit Card,0.734,Personal Loan,0.547,FD,0.388
C00150,24,2,High,Call within 48h,1,0.6453968346118927,40.0,xgb,Credit Card,0.699,Personal Loan,0.44,FD,0.419
C00296,22,2,High,Call within 48h,1,0.6492857247591018,39.0,xgb,Credit Card,0.617,FD,0.446,Personal Loan,0.293
C00253,22,2,High,Call within 48h,1,0.6492857247591018,39.0,xgb,Credit Card,0.797,Personal Loan,0.735,Overdraft,0.452
C00107,20,2,High,Call within 48h,1,0.653744974732399,38.0,xgb,Credit Card,0.725,Personal Loan,0.57,FD,0.449
C00154,20,2,High,Call within 48h,1,0.6492857247591018,38.0,xgb,Credit Card,0.798,Personal Loan,0.665,FD,0.483
C00365,20,2,High,Call within 48h,1,0.6187500596046448,37.0,xgb,Credit Card,0.62,FD,0.474,Personal Loan,0.306
C00001,19,3,High,Call within 48h,0,0.6151724189519883,36.0,xgb,Credit Card,0.769,Personal Loan,0.636,Overdraft,0.45
C00046,20,2,High,Call within 48h,1,0.6060374051332473,36.0,xgb,Credit Card,0.827,Personal Loan,0.75,Overdraft,0.54
C00026,17,3,High,Call within 48h,0,0.6151724189519883,35.0,xgb,Credit Card,0.814,Personal Loan,0.714,FD,0.422
C00138,18,3,High,Call within 48h,0,0.6012065261602402,35.0,xgb,Credit Card,0.834,Personal Loan,0.603,FD,0.433
C00326,19,3,High,Call within 48h,0,0.591582927107811,35.0,xgb,Credit Card,0.802,Personal Loan,0.601,FD,0.413
C00482,16,3,High,Call within 48h,0,0.6151724189519883,34.0,xgb,Credit Card,0.833,Personal Loan,0.727,Overdraft,0.538
C00211,16,3,Medium,Call within 48h,0,0.6068390816450119,34.0,xgb,Credit Card,0.808,Personal Loan,0.704,Overdraft,0.521
C00488,19,3,High,Call within 48h,0,0.5643056124448776,34.0,xgb,Credit Card,0.749,Personal Loan,0.497,FD,0.419
C00097,22,2,High,Call within 48h,1,0.5319047719240189,34.0,xgb,Credit Card,0.615,FD,0.513,Personal Loan,0.285
C00045,14,4,Medium,Nurture email/SMS,0,0.5588766664266587,31.0,xgb,Credit Card,0.769,Personal Loan,0.694,Overdraft,0.417
C00002,18,3,High,Call within 48h,0,0.5085057556629181,31.0,xgb,Credit Card,0.788,Personal Loan,0.676,Overdraft,0.456
C00175,12,5,Medium,Nurture email/SMS,0,0.5691115915775299,30.0,xgb,Credit Card,0.876,Personal Loan,0.721,Overdraft,0.534
C00256,10,5,Medium,Nurture email/SMS,0,0.5751724183559418,29.0,xgb,Credit Card,0.808,Personal Loan,0.808,Overdraft,0.591
C00492,11,5,Medium,Nurture email/SMS,0,0.5574341475963592,29.0,xgb,Credit Card,0.75,Personal Loan,0.427,FD,0.32
C00440,13,4,Medium,Nurture email/SMS,0,0.5409231752157211,29.0,xgb,Credit Card,0.73,Personal Loan,0.526,FD,0.475
C00227,9,5,Medium,Nurture email/SMS,0,0.5751724183559418,28.0,xgb,Credit Card,0.703,Personal Loan,0.494,FD,0.441
C00385,14,4,Medium,Nurture email/SMS,0,0.4896484941244125,28.0,xgb,Credit Card,0.743,Personal Loan,0.499,FD,0.44
C00144,16,3,High,Call within 48h,0,0.4667247623205185,28.0,xgb,Credit Card,0.818,Personal Loan,0.749,Overdraft,0.578
C00115,16,3,High,Call within 48h,0,0.46517241895198824,28.0,xgb,Credit Card,0.63,FD,0.416,Personal Loan,0.297
C00398,19,3,High,Call within 48h,0,0.4151724189519882,28.0,xgb,Credit Card,0.617,FD,0.44,Personal Loan,0.293
C00034,10,5,Medium,Nurture email/SMS,0,0.5194817125797272,27.0,xgb,Credit Card,0.695,Personal Loan,0.417,FD,0.415
C00263,13,4,Medium,Nurture email/SMS,0,0.4818390816450119,27.0,xgb,FD,0.189,Personal Loan,0.069,Credit Card,0.0
C00310,17,3,High,Call within 48h,0,0.4251442849636078,27.0,xgb,Credit Card,0.86,Personal Loan,0.762,Overdraft,0.488
C00161,17,3,High,Call within 48h,0,0.4168038696050644,27.0,xgb,Credit Card,0.809,Personal Loan,0.781,Overdraft,0.447
C00035,18,3,High,Call within 48h,0,0.4151724189519882,27.0,xgb,Credit Card,0.712,FD,0.569,Personal Loan,0.452
C00396,13,4,Medium,Nurture email/SMS,0,0.46094844341278074,26.0,xgb,Credit Card,0.567,FD,0.258,Personal Loan,0.199
C00042,18,3,High,Call within 48h,0,0.38376365303993226,26.0,xgb,Credit Card,0.633,FD,0.433,Personal Loan,0.314
C00170,12,4,Medium,Nurture email/SMS,0,0.43720479011535646,25.0,xgb,Credit Card,0.737,FD,0.541,Personal Loan,0.469
C00176,13,4,Medium,Nurture email/SMS,0,0.4323152780532837,25.0,xgb,Credit Card,0.841,Personal Loan,0.778,Overdraft,0.539
C00164,17,3,High,Call within 48h,0,0.38111111596226693,25.0,xgb,Credit Card,0.758,Personal Loan,0.653,Overdraft,0.481
C00012,17,3,High,Call within 48h,0,0.3738016583025455,25.0,xgb,Credit Card,0.691,Personal Loan,0.443,FD,0.392
C00231,8,6,Medium,Nurture email/SMS,0,0.4777865409851074,24.0,xgb,Credit Card,0.729,Personal Loan,0.508,FD,0.368
C00266,12,4,Medium,Nurture email/SMS,0,0.4323152780532837,24.0,xgb,Credit Card,0.719,Personal Loan,0.417,FD,0.404
C00281,12,4,Medium,Nurture email/SMS,0,0.4151724189519882,24.0,xgb,Credit Card,0.758,Personal Loan,0.512,FD,0.463
C00342,14,4,Medium,Nurture email/SMS,0,0.38111111596226693,24.0,xgb,Credit Card,0.71,FD,0.483,Personal Loan,0.454
C00357,15,4,Medium,Nurture email/SMS,0,0.36533817648887634,24.0,xgb,Credit Card,0.713,Personal Loan,0.555,FD,0.481
C00132,5,6,Low,Nurture email/SMS,0,0.4979176431894302,23.0,xgb,Credit Card,0.795,Personal Loan,0.639,FD,0.611
C00200,8,6,Medium,Nurture email/SMS,0,0.4592591762542725,23.0,xgb,Credit Card,0.77,Personal Loan,0.605,FD,0.491
C00044,9,5,Medium,Nurture email/SMS,0,0.4323152780532837,23.0,xgb,Credit Card,0.724,FD,0.449,Personal Loan,0.427
C00329,10,5,Medium,Nurture email/SMS,0,0.4323152780532837,23.0,xgb,Credit Card,0.829,Personal Loan,0.752,Overdraft,0.506
C00481,11,5,Medium,Nurture email/SMS,0,0.41706121861934664,23.0,xgb,Credit Card,0.687,Personal Loan,0.43,FD,0.354
C00142,10,5,Medium,Nurture email/SMS,0,0.4151724189519882,23.0,xgb,Credit Card,0.617,FD,0.43,Personal Loan,0.314
C00480,13,4,Medium,Nurture email/SMS,0,0.3874341495335102,23.0,xgb,Credit Card,0.688,Personal Loan,0.387,FD,0.367
C00257,13,4,Medium,Nurture email/SMS,0,0.37111111655831336,23.0,xgb,Credit Card,0.564,FD,0.364,Personal Loan,0.292
C00117,16,3,Medium,Call within 48h,0,0.33441307321190833,23.0,xgb,Credit Card,0.692,FD,0.633,Personal Loan,0.425
C00334,5,7,Low,Low-touch cohort,0,0.47039168775081636,22.0,xgb,Credit Card,0.638,FD,0.442,Personal Loan,0.287
C00031,6,6,Medium,Nurture email/SMS,0,0.46183105409145353,22.0,xgb,Credit Card,0.751,Personal Loan,0.669,Overdraft,0.507
C00304,9,5,Medium,Nurture email/SMS,0,0.4151724189519882,22.0,xgb,Credit Card,0.701,FD,0.521,Personal Loan,0.498
C00190,12,4,Medium,Nurture email/SMS,0,0.37111111655831336,22.0,xgb,Credit Card,0.714,Personal Loan,0.431,FD,0.378
C00069,14,4,Medium,Nurture email/SMS,0,0.33111111596226694,22.0,xgb,Credit Card,0.727,Personal Loan,0.478,FD,0.465
C00308,18,3,High,Call within 48h,0,0.2796825416386127,22.0,xgb,Credit Card,0.72,Personal Loan,0.462,FD,0.435
C00451,7,6,Medium,Nurture email/SMS,0,0.4156510442495346,21.0,xgb,Credit Card,0.56,FD,0.427,Personal Loan,0.302
C00192,9,5,Medium,Nurture email/SMS,0,0.3977193087339401,21.0,xgb,Credit Card,0.707,Personal Loan,0.499,FD,0.47
C00419,6,6,Medium,Nurture email/SMS,0,0.4151724189519882,20.0,xgb,Credit Card,0.815,Personal Loan,0.738,Overdraft,0.518
C00331,9,5,Medium,Nurture email/SMS,0,0.36036926284432413,20.0,xgb,Credit Card,0.708,FD,0.556,Personal Loan,0.503
C00030,10,5,Medium,Nurture email/SMS,0,0.34088670313358305,20.0,xgb,Credit Card,0.732,Personal Loan,0.467,FD,0.443
C00199,16,3,High,Call within 48h,0,0.2666984759271145,20.0,xgb,Credit Card,0.745,FD,0.678,Personal Loan,0.492
C00459,16,3,High,Call within 48h,0,0.2511111177504063,20.0,xgb,Credit Card,0.712,FD,0.467,Personal Loan,0.447
C00269,4,7,Low,Low-touch cohort,0,0.42096210494637487,19.0,xgb,Credit Card,0.737,Personal Loan,0.615,Overdraft,0.55
C00284,10,5,Medium,Nurture email/SMS,0,0.3237438440322876,19.0,xgb,Credit Card,0.618,FD,0.436,Personal Loan,0.302
C00225,16,3,High,Call within 48h,0,0.23017241954803466,19.0,xgb,Personal Loan,0.836,Credit Card,0.819,Overdraft,0.465
C00125,18,3,High,Call within 48h,0,0.21111111119389533,19.0,xgb,Credit Card,0.763,Personal Loan,0.59,FD,0.491
C00247,19,3,High,Call within 48h,0,0.1887749880552292,19.0,xgb,Credit Card,0.627,FD,0.432,Personal Loan,0.32
C00374,15,3,Medium,Call within 48h,0,0.23017241954803466,18.0,xgb,Credit Card,0.697,Personal Loan,0.481,FD,0.454
C00416,14,4,Medium,Nurture email/SMS,0,0.23017241954803466,18.0,xgb,Credit Card,0.708,Personal Loan,0.532,FD,0.456
C00462,16,3,High,Call within 48h,0,0.21111111715435982,18.0,xgb,Credit Card,0.712,Personal Loan,0.457,FD,0.416
C00388,16,3,Medium,Call within 48h,0,0.2075676517561078,18.0,xgb,Credit Card,0.687,FD,0.436,Personal Loan,0.419
C00446,17,3,High,Call within 48h,0,0.18500000536441802,18.0,xgb,Credit Card,0.751,Personal Loan,0.614,Overdraft,0.505
C00126,5,6,Medium,Nurture email/SMS,0,0.35774237513542173,17.0,xgb,Credit Card,0.773,Personal Loan,0.597,FD,0.424
C00073,10,5,Medium,Nurture email/SMS,0,0.2724367126822472,17.0,xgb,Credit Card,0.797,FD,0.693,Personal Loan,0.689
C00363,15,4,Medium,Nurture email/SMS,0,0.2,17.0,xgb,Credit Card,0.627,FD,0.446,Personal Loan,0.295
C00366,18,3,High,Call within 48h,0,0.14611111655831338,17.0,xgb,Credit Card,0.748,Personal Loan,0.565,FD,0.416
C00016,4,7,Low,Low-touch cohort,0,0.3337023198604584,16.0,xgb,Credit Card,0.621,FD,0.419,Personal Loan,0.307
C00289,5,7,Low,Low-touch cohort,0,0.3237438440322876,16.0,xgb,Credit Card,0.725,FD,0.475,Personal Loan,0.438
C00071,8,6,Medium,Nurture email/SMS,0,0.28880429565906524,16.0,xgb,Credit Card,0.776,Personal Loan,0.606,FD,0.564
C00350,11,5,Medium,Nurture email/SMS,0,0.23017241954803466,16.0,xgb,Credit Card,0.76,Personal Loan,0.53,FD,0.45
C00441,11,5,Medium,Nurture email/SMS,0,0.23017241954803466,16.0,xgb,Credit Card,0.748,Personal Loan,0.483,FD,0.461
C00018,15,4,Medium,Nurture email/SMS,0,0.17081450298428535,16.0,xgb,Credit Card,0.725,Personal Loan,0.573,FD,0.454
C00060,19,3,High,Call within 48h,0,0.10669763758778572,16.0,xgb,Credit Card,0.613,FD,0.509,Personal Loan,0.305
C00165,5,7,Low,Low-touch cohort,0,0.2951724201440811,15.0,xgb,Credit Card,0.611,FD,0.54,Personal Loan,0.303
C00038,6,6,Medium,Nurture email/SMS,0,0.28374384343624115,15.0,xgb,Credit Card,0.62,FD,0.402,Personal Loan,0.253
C00436,11,5,Medium,Nurture email/SMS,0,0.21111111119389533,15.0,xgb,Credit Card,0.673,FD,0.444,Personal Loan,0.35
C00443,14,4,Medium,Nurture email/SMS,0,0.17197029069066047,15.0,xgb,Credit Card,0.687,FD,0.428,Personal Loan,0.371
C00418,14,4,Medium,Nurture email/SMS,0,0.15541352927684784,15.0,xgb,Credit Card,0.797,Personal Loan,0.553,Overdraft,0.501
C00242,16,3,High,Call within 48h,0,0.14611111655831338,15.0,xgb,Credit Card,0.772,Personal Loan,0.585,FD,0.366
C00147,16,3,High,Call within 48h,0,0.14358017221093178,15.0,xgb,Credit Card,0.607,FD,0.451,Personal Loan,0.276
C00197,17,3,High,Call within 48h,0,0.10931244194507599,15.0,xgb,Credit Card,0.915,Personal Loan,0.822,Overdraft,0.507
C00133,18,3,High,Call within 48h,0,0.0987438440322876,15.0,xgb,Credit Card,0.599,FD,0.397,Personal Loan,0.291
C00470,3,7,Low,Low-touch cohort,0,0.3023702561855316,14.0,xgb,Credit Card,0.79,Personal Loan,0.655,FD,0.478
C00295,8,6,Medium,Nurture email/SMS,0,0.2396727003157139,14.0,xgb,FD,0.683,Credit Card,0.61,Personal Loan,0.298
C00429,8,5,Medium,Nurture email/SMS,0,0.23017241954803466,14.0,xgb,Credit Card,0.809,Personal Loan,0.643,Overdraft,0.516
C00427,11,5,Medium,Nurture email/SMS,0,0.18611111715435982,14.0,xgb,Personal Loan,0.823,Credit Card,0.814,Overdraft,0.512
C00084,13,4,Medium,Nurture email/SMS,0,0.15817129388451576,14.0,xgb,Credit Card,0.749,Personal Loan,0.509,FD,0.459
C00277,14,4,Medium,Nurture email/SMS,0,0.14611111655831338,14.0,xgb,Credit Card,0.912,Personal Loan,0.838,Overdraft,0.54
C00134,15,4,Medium,Nurture email/SMS,0,0.12382294908165932,14.0,xgb,Credit Card,0.806,Personal Loan,0.786,Overdraft,0.564
C00332,18,3,High,Call within 48h,0,0.09111111238598824,14.0,xgb,Credit Card,0.766,Personal Loan,0.573,FD,0.545
C00191,17,3,High,Call within 48h,0,0.09111111238598824,14.0,xgb,Credit Card,0.739,Personal Loan,0.463,FD,0.449
C00406,13,4,Medium,Nurture email/SMS,0,0.12518184185028075,13.0,xgb,Credit Card,0.764,FD,0.689,Personal Loan,0.583
C00478,14,4,Medium,Nurture email/SMS,0,0.11057987287640572,13.0,xgb,Credit Card,0.724,Personal Loan,0.46,FD,0.409
C00307,15,4,Medium,Nurture email/SMS,0,0.0987438440322876,13.0,xgb,Credit Card,0.776,Personal Loan,0.622,FD,0.459
C00469,15,4,Medium,Nurture email/SMS,0,0.0987438440322876,13.0,xgb,Credit Card,0.622,FD,0.426,Personal Loan,0.314
C00228,15,4,Medium,Nurture email/SMS,0,0.09318311884999275,13.0,xgb,Credit Card,0.74,Personal Loan,0.49,FD,0.443
C00358,4,7,Low,Low-touch cohort,0,0.23017241954803466,12.0,xgb,Credit Card,0.878,Personal Loan,0.764,Overdraft,0.525
C00057,17,3,High,Call within 48h,0,0.035685256123542786,12.0,xgb,Credit Card,0.584,FD,0.448,Personal Loan,0.275
C00070,18,3,High,Call within 48h,0,0.02611111178994179,12.0,xgb,Credit Card,0.8,Personal Loan,0.664,Overdraft,0.445
C00433,19,3,High,Call within 48h,0,0.02611111178994179,12.0,xgb,Credit Card,0.71,FD,0.476,Personal Loan,0.431
C00168,18,3,High,Call within 48h,0,0.02611111178994179,12.0,xgb,FD,0.289,Personal Loan,0.1,Credit Card,0.0
C00476,18,3,High,Call within 48h,0,0.02611111178994179,12.0,xgb,Credit Card,0.756,Personal Loan,0.583,FD,0.468
C00182,5,6,Medium,Nurture email/SMS,0,0.21061015427112578,11.0,xgb,Credit Card,0.782,Personal Loan,0.61,FD,0.503
C00173,4,7,Low,Low-touch cohort,0,0.2037438452243805,11.0,xgb,Credit Card,0.614,FD,0.443,Personal Loan,0.313
C00104,6,6,Medium,Nurture email/SMS,0,0.19444965794682503,11.0,xgb,Credit Card,0.722,Personal Loan,0.51,FD,0.422
C00473,5,7,Low,Low-touch cohort,0,0.19017241895198822,11.0,xgb,Credit Card,0.627,FD,0.46,Personal Loan,0.315
C00171,7,6,Medium,Nurture email/SMS,0,0.1808611810207367,11.0,xgb,Credit Card,0.769,FD,0.615,Personal Loan,0.583
C00056,14,4,Medium,Nurture email/SMS,0,0.05468254163861275,11.0,xgb,Credit Card,0.843,Personal Loan,0.79,Overdraft,0.522
C00222,15,4,Medium,Nurture email/SMS,0,0.05468254163861275,11.0,xgb,Credit Card,0.607,FD,0.443,Personal Loan,0.294
C00389,14,4,Medium,Nurture email/SMS,0,0.05468254163861275,11.0,xgb,Credit Card,0.79,Personal Loan,0.685,Overdraft,0.46
C00224,17,3,High,Call within 48h,0,0.02611111178994179,11.0,xgb,Credit Card,0.816,Personal Loan,0.719,Overdraft,0.501
C00379,17,3,High,Call within 48h,0,0.02611111178994179,11.0,xgb,Credit Card,0.785,Personal Loan,0.619,FD,0.451
C00338,17,3,High,Call within 48h,0,0.02611111178994179,11.0,xgb,Credit Card,0.783,Personal Loan,0.588,Overdraft,0.463
C00078,16,3,High,Call within 48h,0,0.02611111178994179,11.0,xgb,Credit Card,0.818,Personal Loan,0.657,FD,0.458
C00325,17,3,High,Call within 48h,0,0.015000000596046448,11.0,xgb,Credit Card,0.62,FD,0.436,Personal Loan,0.305
C00383,17,3,High,Call within 48h,0,0.015000000596046448,11.0,xgb,Credit Card,0.773,Personal Loan,0.582,FD,0.489
C00236,3,8,Low,Low-touch cohort,0,0.21111111119389533,10.0,xgb,Credit Card,0.561,FD,0.446,Personal Loan,0.26
C00085,8,6,Medium,Nurture email/SMS,0,0.13517241477966307,10.0,xgb,Credit Card,0.627,FD,0.434,Personal Loan,0.314
C00098,11,5,Medium,Nurture email/SMS,0,0.0800000011920929,10.0,xgb,Credit Card,0.733,FD,0.561,Personal Loan,0.457
C00013,12,4,Medium,Nurture email/SMS,0,0.06211010366678238,10.0,xgb,Credit Card,0.792,Personal Loan,0.469,FD,0.36
C00489,15,4,Medium,Nurture email/SMS,0,0.02611111178994179,10.0,xgb,Credit Card,0.681,Personal Loan,0.467,FD,0.445
C00067,15,4,Medium,Nurture email/SMS,0,0.015000000596046448,10.0,xgb,Credit Card,0.63,FD,0.421,Personal Loan,0.323
C00428,15,4,Medium,Nurture email/SMS,0,0.015000000596046448,10.0,xgb,Credit Card,0.695,Personal Loan,0.458,FD,0.414
C00216,16,3,Medium,Call within 48h,0,0.015000000596046448,10.0,xgb,Credit Card,0.676,FD,0.427,Personal Loan,0.365
C00456,3,8,Low,Low-touch cohort,0,0.19017241895198822,9.0,xgb,Credit Card,0.622,FD,0.438,Personal Loan,0.304
C00300,2,8,Low,Low-touch cohort,0,0.18294527530670165,9.0,xgb,Credit Card,0.716,Personal Loan,0.448,FD,0.424
C00458,9,5,Medium,Nurture email/SMS,0,0.0987438440322876,9.0,xgb,Credit Card,0.86,Personal Loan,0.738,FD,0.515
C00208,8,6,Medium,Nurture email/SMS,0,0.09468254223465919,9.0,xgb,Credit Card,0.687,FD,0.45,Personal Loan,0.41
C00474,11,5,Medium,Nurture email/SMS,0,0.05468254163861275,9.0,xgb,Credit Card,0.712,Personal Loan,0.535,FD,0.449
C00294,12,5,Medium,Nurture email/SMS,0,0.04417763128876686,9.0,xgb,Credit Card,0.626,FD,0.452,Personal Loan,0.316
C00271,12,5,Medium,Nurture email/SMS,0,0.04386808797717094,9.0,xgb,Credit Card,0.562,FD,0.463,Personal Loan,0.3
C00114,13,4,Medium,Nurture email/SMS,0,0.02611111178994179,9.0,xgb,Credit Card,0.682,FD,0.476,Personal Loan,0.404
C00198,14,4,Medium,Nurture email/SMS,0,0.02611111178994179,9.0,xgb,Credit Card,0.797,Personal Loan,0.604,Overdraft,0.496
C00265,13,4,Medium,Nurture email/SMS,0,0.018908510729670525,9.0,xgb,Credit Card,0.762,Personal Loan,0.609,Overdraft,0.487
C00364,14,4,Medium,Nurture email/SMS,0,0.015000000596046448,9.0,xgb,Credit Card,0.751,Personal Loan,0.661,FD,0.413
C00054,14,4,Medium,Nurture email/SMS,0,0.015000000596046448,9.0,xgb,Credit Card,0.623,FD,0.43,Personal Loan,0.311
C00439,2,8,Low,Low-touch cohort,0,0.1779932975769043,8.0,xgb,Credit Card,0.571,FD,0.439,Personal Loan,0.301
C00221,5,7,Low,Low-touch cohort,0,0.12351275980472565,8.0,xgb,Credit Card,0.746,Personal Loan,0.646,FD,0.424
C00101,7,6,Medium,Nurture email/SMS,0,0.09111111238598824,8.0,xgb,Credit Card,0.764,Personal Loan,0.581,FD,0.435
C00278,9,5,Medium,Nurture email/SMS,0,0.07017241418361664,8.0,xgb,Credit Card,0.626,FD,0.44,Personal Loan,0.315
C00496,11,5,Medium,Nurture email/SMS,0,0.04601665064692497,8.0,xgb,Credit Card,0.802,Personal Loan,0.628,Overdraft,0.587
C00347,10,5,Medium,Nurture email/SMS,0,0.04357143044471741,8.0,xgb,Credit Card,0.794,Personal Loan,0.689,Overdraft,0.553
C00344,12,4,Medium,Nurture email/SMS,0,0.02611111178994179,8.0,xgb,Credit Card,0.753,Personal Loan,0.529,FD,0.474
C00378,11,5,Medium,Nurture email/SMS,0,0.02611111178994179,8.0,xgb,Credit Card,0.64,FD,0.458,Personal Loan,0.322
C00303,12,4,Medium,Nurture email/SMS,0,0.02611111178994179,8.0,xgb,Credit Card,0.62,FD,0.479,Personal Loan,0.31
C00455,12,5,Medium,Nurture email/SMS,0,0.015000000596046448,8.0,xgb,Credit Card,0.862,Personal Loan,0.699,Overdraft,0.624
C00321,12,4,Medium,Nurture email/SMS,0,0.015000000596046448,8.0,xgb,FD,0.212,Personal Loan,0.1,Credit Card,0.0
C00268,12,4,Medium,Nurture email/SMS,0,0.015000000596046448,8.0,xgb,Credit Card,0.606,FD,0.434,Personal Loan,0.284
C00111,13,4,Medium,Nurture email/SMS,0,0.015000000596046448,8.0,xgb,Credit Card,0.691,FD,0.46,Personal Loan,0.418
C00151,12,4,Medium,Nurture email/SMS,0,0.015000000596046448,8.0,xgb,Credit Card,0.732,FD,0.44,Personal Loan,0.43
C00037,13,4,Medium,Nurture email/SMS,0,0.015000000596046448,8.0,xgb,Credit Card,0.813,Personal Loan,0.69,Overdraft,0.459
C00457,12,4,Medium,Nurture email/SMS,0,0.015000000596046448,8.0,xgb,Credit Card,0.644,FD,0.486,Personal Loan,0.324
C00245,12,5,Medium,Nurture email/SMS,0,0.015000000596046448,8.0,xgb,FD,0.204,Overdraft,0.083,Personal Loan,0.077
C00453,2,8,Low,Low-touch cohort,0,0.14975585415959358,7.0,xgb,Credit Card,0.632,FD,0.555,Personal Loan,0.306
C00109,2,8,Low,Low-touch cohort,0,0.13500000536441803,7.0,xgb,Credit Card,0.772,Personal Loan,0.624,FD,0.581
C00349,5,6,Low,Nurture email/SMS,0,0.0987438440322876,7.0,xgb,Credit Card,0.758,Personal Loan,0.495,FD,0.456
C00090,5,7,Low,Low-touch cohort,0,0.09111111238598824,7.0,xgb,Credit Card,0.615,FD,0.369,Personal Loan,0.281
C00292,7,6,Medium,Nurture email/SMS,0,0.07017241418361664,7.0,xgb,Credit Card,0.817,Personal Loan,0.716,Overdraft,0.466
C00463,10,5,Medium,Nurture email/SMS,0,0.02611111178994179,7.0,xgb,Credit Card,0.613,FD,0.523,Personal Loan,0.307
C00204,10,5,Medium,Nurture email/SMS,0,0.02611111178994179,7.0,xgb,Credit Card,0.762,Personal Loan,0.458,FD,0.382
C00312,10,5,Medium,Nurture email/SMS,0,0.02611111178994179,7.0,xgb,Credit Card,0.692,FD,0.456,Personal Loan,0.398
C00341,11,5,Medium,Nurture email/SMS,0,0.022124356031417845,7.0,xgb,Credit Card,0.623,FD,0.452,Personal Loan,0.299
C00274,11,5,Medium,Nurture email/SMS,0,0.015000000596046448,7.0,xgb,Credit Card,0.819,Personal Loan,0.582,FD,0.431
C00033,11,5,Medium,Nurture email/SMS,0,0.015000000596046448,7.0,xgb,Credit Card,0.758,Personal Loan,0.663,Overdraft,0.57
C00437,10,5,Medium,Nurture email/SMS,0,0.015000000596046448,7.0,xgb,Credit Card,0.626,FD,0.488,Personal Loan,0.317
C00240,11,5,Medium,Nurture email/SMS,0,0.015000000596046448,7.0,xgb,Credit Card,0.76,Personal Loan,0.566,Overdraft,0.489
C00079,10,5,Medium,Nurture email/SMS,0,0.015000000596046448,7.0,xgb,Credit Card,0.749,Personal Loan,0.549,FD,0.447
C00188,11,5,Medium,Nurture email/SMS,0,0.015000000596046448,7.0,xgb,FD,0.224,Personal Loan,0.089,Credit Card,0.0
C00491,10,5,Medium,Nurture email/SMS,0,0.015000000596046448,7.0,xgb,Credit Card,0.71,FD,0.462,Personal Loan,0.452
C00323,2,8,Low,Low-touch cohort,0,0.10857143104076386,6.0,xgb,Credit Card,0.694,Personal Loan,0.451,FD,0.418
C00372,5,7,Low,Low-touch cohort,0,0.07017241418361664,6.0,xgb,Credit Card,0.729,Personal Loan,0.393,FD,0.297
C00237,7,6,Medium,Nurture email/SMS,0,0.03696468099951744,6.0,xgb,Credit Card,0.602,FD,0.45,Personal Loan,0.324
C00074,8,6,Medium,Nurture email/SMS,0,0.032597382366657254,6.0,xgb,Credit Card,0.619,FD,0.41,Personal Loan,0.303
C00414,8,6,Medium,Nurture email/SMS,0,0.02611111178994179,6.0,xgb,Credit Card,0.623,FD,0.433,Personal Loan,0.315
C00119,9,5,Medium,Nurture email/SMS,0,0.02611111178994179,6.0,xgb,Credit Card,0.612,FD,0.462,Personal Loan,0.307
C00370,9,5,Medium,Nurture email/SMS,0,0.02611111178994179,6.0,xgb,Credit Card,0.772,Personal Loan,0.46,FD,0.458
C00288,8,6,Medium,Nurture email/SMS,0,0.025845472514629365,6.0,xgb,Credit Card,0.76,Overdraft,0.737,FD,0.663
C00058,9,5,Medium,Nurture email/SMS,0,0.015000000596046448,6.0,xgb,Credit Card,0.599,FD,0.444,Personal Loan,0.29
C00140,9,5,Medium,Nurture email/SMS,0,0.015000000596046448,6.0,xgb,Credit Card,0.626,FD,0.487,Personal Loan,0.321
C00352,9,5,Medium,Nurture email/SMS,0,0.015000000596046448,6.0,xgb,Credit Card,0.763,Personal Loan,0.526,Overdraft,0.481
C00361,9,5,Medium,Nurture email/SMS,0,0.015000000596046448,6.0,xgb,Credit Card,0.608,FD,0.499,Personal Loan,0.299
C00130,1,9,Very Low,Low-touch cohort,0,0.1196825422346592,5.0,xgb,Credit Card,0.609,FD,0.371,Personal Loan,0.276
C00397,2,8,Low,Low-touch cohort,0,0.09111111238598824,5.0,xgb,FD,0.447,Personal Loan,0.1,Overdraft,0.034
C00139,2,8,Low,Low-touch cohort,0,0.09111111238598824,5.0,xgb,Credit Card,0.62,FD,0.574,Personal Loan,0.312
C00218,3,7,Low,Low-touch cohort,0,0.0800000011920929,5.0,xgb,Credit Card,0.629,FD,0.516,Personal Loan,0.318
C00122,3,8,Low,Low-touch cohort,0,0.0800000011920929,5.0,xgb,Credit Card,0.721,FD,0.601,Personal Loan,0.532
C00081,4,7,Low,Low-touch cohort,0,0.07017241418361664,5.0,xgb,Credit Card,0.621,FD,0.396,Personal Loan,0.279
C00153,6,6,Medium,Nurture email/SMS,0,0.02611111178994179,5.0,xgb,Credit Card,0.692,FD,0.478,Personal Loan,0.405
C00495,7,6,Medium,Nurture email/SMS,0,0.02611111178994179,5.0,xgb,Credit Card,0.625,FD,0.445,Personal Loan,0.32
C00282,7,6,Medium,Nurture email/SMS,0,0.02611111178994179,5.0,xgb,Credit Card,0.693,Personal Loan,0.465,FD,0.429
C00270,8,6,Medium,Nurture email/SMS,0,0.015000000596046448,5.0,xgb,Credit Card,0.702,FD,0.525,Personal Loan,0.476
C00353,8,6,Medium,Nurture email/SMS,0,0.015000000596046448,5.0,xgb,Credit Card,0.763,Personal Loan,0.489,FD,0.429
C00475,8,6,Medium,Nurture email/SMS,0,0.015000000596046448,5.0,xgb,Credit Card,0.564,FD,0.472,Personal Loan,0.308
C00205,8,6,Medium,Nurture email/SMS,0,0.015000000596046448,5.0,xgb,Credit Card,0.635,FD,0.437,Personal Loan,0.326
C00157,7,6,Medium,Nurture email/SMS,0,0.015000000596046448,5.0,xgb,Credit Card,0.821,Personal Loan,0.556,FD,0.469
C00319,8,6,Medium,Nurture email/SMS,0,0.015000000596046448,5.0,xgb,Credit Card,0.614,FD,0.309,Personal Loan,0.264
C00328,8,6,Medium,Nurture email/SMS,0,0.015000000596046448,5.0,xgb,Personal Loan,0.827,Credit Card,0.821,Overdraft,0.525
C00244,8,6,Medium,Nurture email/SMS,0,0.015000000596046448,5.0,xgb,Credit Card,0.733,Personal Loan,0.622,FD,0.418
C00131,8,6,Medium,Nurture email/SMS,0,0.015000000596046448,5.0,xgb,Credit Card,0.74,Personal Loan,0.525,FD,0.509
C00096,7,6,Medium,Nurture email/SMS,0,0.015000000596046448,5.0,xgb,FD,0.241,Personal Loan,0.1,Credit Card,0.0
C00368,7,6,Medium,Nurture email/SMS,0,0.015000000596046448,5.0,xgb,FD,0.218,Personal Loan,0.1,Credit Card,0.0
C00174,7,6,Medium,Nurture email/SMS,0,0.015000000596046448,5.0,xgb,Credit Card,0.73,Personal Loan,0.588,Overdraft,0.441
C00343,2,8,Low,Low-touch cohort,0,0.0800000011920929,4.0,xgb,FD,0.5,Personal Loan,0.1,Credit Card,0.0
C00477,5,7,Low,Low-touch cohort,0,0.02611111178994179,4.0,xgb,Credit Card,0.62,FD,0.511,Personal Loan,0.308
C00148,5,7,Low,Low-touch cohort,0,0.02611111178994179,4.0,xgb,Credit Card,0.611,FD,0.456,Personal Loan,0.305
C00010,5,7,Low,Low-touch cohort,0,0.02611111178994179,4.0,xgb,FD,0.234,Personal Loan,0.1,Overdraft,0.057
C00452,6,6,Medium,Nurture email/SMS,0,0.01706393975764513,4.0,xgb,FD,0.296,Overdraft,0.16,Personal Loan,0.1
C00467,5,7,Low,Low-touch cohort,0,0.015000000596046448,4.0,xgb,Credit Card,0.706,Personal Loan,0.498,FD,0.489
C00003,6,6,Medium,Nurture email/SMS,0,0.015000000596046448,4.0,xgb,Credit Card,0.622,FD,0.477,Personal Loan,0.315
C00089,5,7,Low,Low-touch cohort,0,0.015000000596046448,4.0,xgb,Credit Card,0.815,Personal Loan,0.669,FD,0.44
C00339,5,7,Low,Low-touch cohort,0,0.015000000596046448,4.0,xgb,Credit Card,0.773,Personal Loan,0.509,FD,0.408
C00313,6,6,Medium,Nurture email/SMS,0,0.015000000596046448,4.0,xgb,Credit Card,0.74,FD,0.591,Personal Loan,0.473
C00471,5,7,Low,Low-touch cohort,0,0.015000000596046448,4.0,xgb,Credit Card,0.635,FD,0.354,Personal Loan,0.273
C00027,5,7,Low,Low-touch cohort,0,0.015000000596046448,4.0,xgb,Credit Card,0.63,FD,0.423,Personal Loan,0.319
C00076,6,6,Medium,Nurture email/SMS,0,0.015000000596046448,4.0,xgb,FD,0.426,Overdraft,0.36,Personal Loan,0.1
C00311,6,6,Medium,Nurture email/SMS,0,0.015000000596046448,4.0,xgb,Credit Card,0.618,FD,0.426,Personal Loan,0.312
C00260,6,6,Medium,Nurture email/SMS,0,0.015000000596046448,4.0,xgb,Credit Card,0.569,FD,0.335,Personal Loan,0.245
C00275,5,7,Low,Low-touch cohort,0,0.015000000596046448,4.0,xgb,Credit Card,0.624,FD,0.444,Personal Loan,0.309
C00229,6,6,Medium,Nurture email/SMS,0,0.015000000596046448,4.0,xgb,Credit Card,0.667,Personal Loan,0.566,Overdraft,0.544
C00017,6,6,Medium,Nurture email/SMS,0,0.015000000596046448,4.0,xgb,Credit Card,0.705,Personal Loan,0.504,FD,0.443
C00336,6,6,Medium,Nurture email/SMS,0,0.015000000596046448,4.0,xgb,Credit Card,0.756,Personal Loan,0.498,FD,0.414
C00007,6,6,Medium,Nurture email/SMS,0,0.015000000596046448,4.0,xgb,Credit Card,0.755,Personal Loan,0.544,FD,0.501
C00137,5,7,Low,Low-touch cohort,0,0.015000000596046448,4.0,xgb,FD,0.24,Personal Loan,0.1,Overdraft,0.067
C00377,6,6,Medium,Nurture email/SMS,0,0.015000000596046448,4.0,xgb,Credit Card,0.713,Personal Loan,0.545,Overdraft,0.424
C00092,5,7,Low,Low-touch cohort,0,0.015000000596046448,4.0,xgb,Credit Card,0.772,Personal Loan,0.536,FD,0.439
C00386,0,9,Very Low,Low-touch cohort,0,0.0800000011920929,3.0,xgb,FD,0.364,Personal Loan,0.1,Credit Card,0.0
C00432,1,9,Very Low,Low-touch cohort,0,0.05468254163861275,3.0,xgb,Credit Card,0.759,Personal Loan,0.638,Overdraft,0.529
C00172,1,9,Very Low,Low-touch cohort,0,0.05468254163861275,3.0,xgb,Credit Card,0.857,Personal Loan,0.721,Overdraft,0.577
C00145,3,7,Low,Low-touch cohort,0,0.026734963059425354,3.0,xgb,FD,0.265,Personal Loan,0.1,Overdraft,0.03
C00412,4,7,Low,Low-touch cohort,0,0.02611111178994179,3.0,xgb,Credit Card,0.71,FD,0.467,Personal Loan,0.419
C00381,3,7,Low,Low-touch cohort,0,0.02611111178994179,3.0,xgb,Credit Card,0.759,Personal Loan,0.651,Overdraft,0.523
C00449,4,7,Low,Low-touch cohort,0,0.02611111178994179,3.0,xgb,Credit Card,0.706,Personal Loan,0.518,FD,0.469
C00156,3,7,Low,Low-touch cohort,0,0.02611111178994179,3.0,xgb,Credit Card,0.617,FD,0.433,Personal Loan,0.315
C00015,4,7,Low,Low-touch cohort,0,0.02611111178994179,3.0,xgb,FD,0.261,Personal Loan,0.1,Credit Card,0.0
C00373,3,8,Low,Low-touch cohort,0,0.02611111178994179,3.0,xgb,Credit Card,0.62,FD,0.448,Personal Loan,0.308
C00082,4,7,Low,Low-touch cohort,0,0.02611111178994179,3.0,xgb,Credit Card,0.621,FD,0.416,Personal Loan,0.305
C00468,3,8,Low,Low-touch cohort,0,0.01914868988096714,3.0,xgb,Credit Card,0.626,FD,0.423,Personal Loan,0.315
C00422,4,7,Low,Low-touch cohort,0,0.015000000596046448,3.0,xgb,Credit Card,0.567,FD,0.422,Personal Loan,0.303
C00061,4,7,Low,Low-touch cohort,0,0.015000000596046448,3.0,xgb,Credit Card,0.625,FD,0.445,Personal Loan,0.317
C00066,4,7,Low,Low-touch cohort,0,0.015000000596046448,3.0,xgb,Credit Card,0.622,FD,0.457,Personal Loan,0.285
C00500,4,7,Low,Low-touch cohort,0,0.015000000596046448,3.0,xgb,Credit Card,0.688,FD,0.407,Personal Loan,0.406
C00194,4,7,Low,Low-touch cohort,0,0.015000000596046448,3.0,xgb,Credit Card,0.601,FD,0.454,Personal Loan,0.303
C00367,4,7,Low,Low-touch cohort,0,0.015000000596046448,3.0,xgb,FD,0.309,Personal Loan,0.1,Credit Card,0.0
C00112,4,7,Low,Low-touch cohort,0,0.015000000596046448,3.0,xgb,Credit Card,0.628,FD,0.442,Personal Loan,0.319
C00179,4,7,Low,Low-touch cohort,0,0.015000000596046448,3.0,xgb,Credit Card,0.724,FD,0.464,Personal Loan,0.433
C00230,4,7,Low,Low-touch cohort,0,0.015000000596046448,3.0,xgb,Credit Card,0.693,FD,0.426,Personal Loan,0.418
C00063,4,7,Low,Low-touch cohort,0,0.015000000596046448,3.0,xgb,Credit Card,0.613,FD,0.49,Personal Loan,0.311
C00317,0,10,Very Low,Low-touch cohort,0,0.05468254163861275,2.0,xgb,Credit Card,0.618,FD,0.423,Personal Loan,0.309
C00498,0,9,Very Low,Low-touch cohort,0,0.05468254163861275,2.0,xgb,Credit Card,0.611,FD,0.34,Personal Loan,0.252
C00415,0,10,Very Low,Low-touch cohort,0,0.0476057343184948,2.0,xgb,FD,0.256,Personal Loan,0.1,Credit Card,0.0
C00301,2,8,Low,Low-touch cohort,0,0.02611111178994179,2.0,xgb,Credit Card,0.617,FD,0.427,Personal Loan,0.305
C00062,1,9,Very Low,Low-touch cohort,0,0.02611111178994179,2.0,xgb,FD,0.286,Personal Loan,0.1,Overdraft,0.024
C00160,1,9,Very Low,Low-touch cohort,0,0.02611111178994179,2.0,xgb,Credit Card,0.725,Personal Loan,0.562,Overdraft,0.405
C00346,1,9,Very Low,Low-touch cohort,0,0.02611111178994179,2.0,xgb,FD,0.249,Personal Loan,0.1,Overdraft,0.041
C00306,2,8,Low,Low-touch cohort,0,0.02611111178994179,2.0,xgb,FD,0.371,Overdraft,0.107,Personal Loan,0.1
C00239,2,9,Very Low,Low-touch cohort,0,0.01706393975764513,2.0,xgb,FD,0.5,Overdraft,0.5,Personal Loan,0.1
C00246,2,8,Low,Low-touch cohort,0,0.01706393975764513,2.0,xgb,FD,0.29,Overdraft,0.149,Personal Loan,0.1
C00238,3,8,Low,Low-touch cohort,0,0.015000000596046448,2.0,xgb,Credit Card,0.742,Personal Loan,0.632,Overdraft,0.456
C00223,3,7,Low,Low-touch cohort,0,0.015000000596046448,2.0,xgb,FD,0.278,Personal Loan,0.1,Credit Card,0.0
C00337,2,8,Low,Low-touch cohort,0,0.015000000596046448,2.0,xgb,Credit Card,0.617,FD,0.433,Personal Loan,0.306
C00099,3,7,Low,Low-touch cohort,0,0.015000000596046448,2.0,xgb,Credit Card,0.618,FD,0.388,Personal Loan,0.298
C00146,2,8,Low,Low-touch cohort,0,0.015000000596046448,2.0,xgb,Credit Card,0.763,Personal Loan,0.687,Overdraft,0.62
C00152,2,8,Low,Low-touch cohort,0,0.015000000596046448,2.0,xgb,FD,0.315,Overdraft,0.131,Personal Loan,0.1
C00413,2,8,Low,Low-touch cohort,0,0.015000000596046448,2.0,xgb,FD,0.219,Personal Loan,0.1,Credit Card,0.0
C00356,3,7,Low,Low-touch cohort,0,0.015000000596046448,2.0,xgb,Credit Card,0.609,FD,0.37,Personal Loan,0.281
C00405,2,8,Low,Low-touch cohort,0,0.015000000596046448,2.0,xgb,Credit Card,0.608,FD,0.303,Personal Loan,0.242
C00454,2,8,Low,Low-touch cohort,0,0.015000000596046448,2.0,xgb,Credit Card,0.615,FD,0.414,Personal Loan,0.313
C00327,3,7,Low,Low-touch cohort,0,0.015000000596046448,2.0,xgb,Credit Card,0.636,FD,0.362,Personal Loan,0.286
C00120,3,7,Low,Low-touch cohort,0,0.015000000596046448,2.0,xgb,FD,0.218,Personal Loan,0.1,Overdraft,0.03
C00479,2,8,Low,Low-touch cohort,0,0.015000000596046448,2.0,xgb,Credit Card,0.747,Personal Loan,0.479,FD,0.452
C00387,2,8,Low,Low-touch cohort,0,0.015000000596046448,2.0,xgb,Credit Card,0.796,Personal Loan,0.785,Overdraft,0.473
C00187,2,8,Low,Low-touch cohort,0,0.015000000596046448,2.0,xgb,Credit Card,0.736,Personal Loan,0.465,FD,0.367
C00243,3,8,Low,Low-touch cohort,0,0.015000000596046448,2.0,xgb,Credit Card,0.617,FD,0.419,Personal Loan,0.309
C00177,2,8,Low,Low-touch cohort,0,0.015000000596046448,2.0,xgb,FD,0.218,Personal Loan,0.1,Credit Card,0.0
C00207,2,8,Low,Low-touch cohort,0,0.015000000596046448,2.0,xgb,FD,0.228,Personal Loan,0.1,Overdraft,0.046
C00445,3,8,Low,Low-touch cohort,0,0.015000000596046448,2.0,xgb,FD,0.22,Personal Loan,0.084,Credit Card,0.0
C00121,2,8,Low,Low-touch cohort,0,0.015000000596046448,2.0,xgb,FD,0.248,Personal Loan,0.087,Credit Card,0.0
C00490,2,8,Low,Low-touch cohort,0,0.015000000596046448,2.0,xgb,Credit Card,0.621,FD,0.411,Personal Loan,0.318
C00264,2,8,Low,Low-touch cohort,0,0.015000000596046448,2.0,xgb,Credit Card,0.614,FD,0.264,Personal Loan,0.218
C00087,3,8,Low,Low-touch cohort,0,0.015000000596046448,2.0,xgb,Credit Card,0.756,Personal Loan,0.671,FD,0.41
C00032,2,8,Low,Low-touch cohort,0,0.015000000596046448,2.0,xgb,Credit Card,0.6,FD,0.416,Personal Loan,0.278
C00400,2,8,Low,Low-touch cohort,0,0.015000000596046448,2.0,xgb,Credit Card,0.595,FD,0.428,Personal Loan,0.294
C00064,2,8,Low,Low-touch cohort,0,0.015000000596046448,2.0,xgb,FD,0.21,Personal Loan,0.076,Credit Card,0.0
C00072,3,8,Low,Low-touch cohort,0,0.015000000596046448,2.0,xgb,Credit Card,0.744,Personal Loan,0.446,FD,0.41
C00004,2,8,Low,Low-touch cohort,0,0.015000000596046448,2.0,xgb,Credit Card,0.772,Personal Loan,0.666,Overdraft,0.467
C00409,2,9,Very Low,Low-touch cohort,0,0.015000000596046448,2.0,xgb,Credit Card,0.611,FD,0.374,Personal Loan,0.285
C00499,2,9,Very Low,Low-touch cohort,0,0.015000000596046448,2.0,xgb,Credit Card,0.622,FD,0.504,Personal Loan,0.334
C00272,3,8,Low,Low-touch cohort,0,0.015000000596046448,2.0,xgb,Credit Card,0.731,Personal Loan,0.595,Overdraft,0.481
C00391,3,8,Low,Low-touch cohort,0,0.015000000596046448,2.0,xgb,Credit Card,0.733,Personal Loan,0.61,Overdraft,0.461
C00166,3,8,Low,Low-touch cohort,0,0.015000000596046448,2.0,xgb,Credit Card,0.606,FD,0.437,Personal Loan,0.292
C00261,3,8,Low,Low-touch cohort,0,0.015000000596046448,2.0,xgb,Credit Card,0.777,Personal Loan,0.578,Overdraft,0.488
C00267,3,8,Low,Low-touch cohort,0,0.015000000596046448,2.0,xgb,Credit Card,0.695,Personal Loan,0.497,FD,0.425
C00362,3,8,Low,Low-touch cohort,0,0.015000000596046448,2.0,xgb,Credit Card,0.745,Personal Loan,0.633,Overdraft,0.525
C00330,3,8,Low,Low-touch cohort,0,0.015000000596046448,2.0,xgb,Credit Card,0.743,FD,0.629,Personal Loan,0.48
C00052,3,8,Low,Low-touch cohort,0,0.015000000596046448,2.0,xgb,Credit Card,0.762,Personal Loan,0.691,FD,0.415
C00320,3,7,Low,Low-touch cohort,0,0.015000000596046448,2.0,xgb,Credit Card,0.616,FD,0.439,Personal Loan,0.302
C00091,2,8,Low,Low-touch cohort,0,0.015000000596046448,2.0,xgb,Credit Card,0.737,Personal Loan,0.602,Overdraft,0.476
C00299,0,9,Very Low,Low-touch cohort,0,0.026394855976104737,1.0,xgb,FD,0.25,Personal Loan,0.1,Credit Card,0.0
C00410,0,10,Very Low,Low-touch cohort,0,0.02611111178994179,1.0,xgb,Credit Card,0.62,FD,0.472,Personal Loan,0.307
C00083,0,9,Very Low,Low-touch cohort,0,0.02611111178994179,1.0,xgb,Credit Card,0.622,FD,0.478,Personal Loan,0.3
C00163,0,9,Very Low,Low-touch cohort,0,0.02611111178994179,1.0,xgb,Credit Card,0.61,FD,0.469,Personal Loan,0.306
C00348,0,9,Very Low,Low-touch cohort,0,0.02440972924232483,1.0,xgb,FD,0.249,Personal Loan,0.1,Credit Card,0.0
C00259,1,9,Very Low,Low-touch cohort,0,0.015000000596046448,1.0,xgb,Credit Card,0.637,FD,0.499,Personal Loan,0.318
C00206,0,10,Very Low,Low-touch cohort,0,0.015000000596046448,1.0,xgb,Credit Card,0.625,FD,0.38,Personal Loan,0.284
C00426,1,9,Very Low,Low-touch cohort,0,0.015000000596046448,1.0,xgb,Credit Card,0.704,FD,0.44,Personal Loan,0.43
C00333,1,9,Very Low,Low-touch cohort,0,0.015000000596046448,1.0,xgb,FD,0.255,Personal Loan,0.1,Overdraft,0.091
C00210,1,9,Very Low,Low-touch cohort,0,0.015000000596046448,1.0,xgb,FD,0.166,Personal Loan,0.067,Overdraft,0.054
C00093,1,9,Very Low,Low-touch cohort,0,0.015000000596046448,1.0,xgb,Credit Card,0.794,Personal Loan,0.766,Overdraft,0.441
C00382,1,9,Very Low,Low-touch cohort,0,0.015000000596046448,1.0,xgb,FD,0.24,Overdraft,0.141,Personal Loan,0.056
C00141,1,9,Very Low,Low-touch cohort,0,0.015000000596046448,1.0,xgb,FD,0.222,Personal Loan,0.1,Credit Card,0.0
C00041,1,9,Very Low,Low-touch cohort,0,0.015000000596046448,1.0,xgb,Credit Card,0.628,FD,0.483,Personal Loan,0.296
C00040,1,9,Very Low,Low-touch cohort,0,0.015000000596046448,1.0,xgb,FD,0.217,Personal Loan,0.055,Credit Card,0.0
C00254,1,9,Very Low,Low-touch cohort,0,0.015000000596046448,1.0,xgb,Credit Card,0.567,FD,0.467,Personal Loan,0.296
C00053,1,9,Very Low,Low-touch cohort,0,0.015000000596046448,1.0,xgb,Credit Card,0.632,FD,0.41,Personal Loan,0.316
C00394,1,9,Very Low,Low-touch cohort,0,0.015000000596046448,1.0,xgb,Credit Card,0.723,FD,0.495,Personal Loan,0.455
C00420,1,9,Very Low,Low-touch cohort,0,0.015000000596046448,1.0,xgb,FD,0.298,Personal Loan,0.087,Overdraft,0.076
C00220,1,9,Very Low,Low-touch cohort,0,0.015000000596046448,1.0,xgb,FD,0.289,Personal Loan,0.1,Credit Card,0.0
C00055,1,9,Very Low,Low-touch cohort,0,0.015000000596046448,1.0,xgb,FD,0.312,Overdraft,0.135,Personal Loan,0.081
C00316,1,9,Very Low,Low-touch cohort,0,0.015000000596046448,1.0,xgb,FD,0.295,Personal Loan,0.1,Overdraft,0.027
C00065,1,9,Very Low,Low-touch cohort,0,0.015000000596046448,1.0,xgb,FD,0.224,Personal Loan,0.1,Credit Card,0.0
C00411,1,9,Very Low,Low-touch cohort,0,0.015000000596046448,1.0,xgb,Credit Card,0.769,Personal Loan,0.716,Overdraft,0.434
C00318,1,9,Very Low,Low-touch cohort,0,0.015000000596046448,1.0,xgb,FD,0.283,Personal Loan,0.1,Credit Card,0.0
C00022,1,9,Very Low,Low-touch cohort,0,0.015000000596046448,1.0,xgb,FD,0.216,Overdraft,0.066,Personal Loan,0.063
C00324,1,9,Very Low,Low-touch cohort,0,0.015000000596046448,1.0,xgb,FD,0.32,Personal Loan,0.1,Overdraft,0.07
C00105,0,9,Very Low,Low-touch cohort,0,0.015000000596046448,1.0,xgb,FD,0.302,Personal Loan,0.1,Credit Card,0.0
C00315,0,9,Very Low,Low-touch cohort,0,0.015000000596046448,1.0,xgb,FD,0.303,Personal Loan,0.1,Credit Card,0.0
C00464,1,9,Very Low,Low-touch cohort,0,0.015000000596046448,1.0,xgb,Credit Card,0.744,Personal Loan,0.626,Overdraft,0.491
C00285,0,9,Very Low,Low-touch cohort,0,0.015000000596046448,1.0,xgb,Credit Card,0.62,FD,0.45,Personal Loan,0.308
C00447,0,9,Very Low,Low-touch cohort,0,0.015000000596046448,1.0,xgb,Credit Card,0.63,FD,0.429,Personal Loan,0.306
C00214,0,9,Very Low,Low-touch cohort,0,0.015000000596046448,1.0,xgb,Credit Card,0.608,FD,0.445,Personal Loan,0.304
C00438,1,9,Very Low,Low-touch cohort,0,0.015000000596046448,1.0,xgb,FD,0.284,Personal Loan,0.1,Credit Card,0.0
C00110,1,9,Very Low,Low-touch cohort,0,0.015000000596046448,1.0,xgb,Credit Card,0.639,FD,0.441,Personal Loan,0.341
C00302,0,9,Very Low,Low-touch cohort,0,0.015000000596046448,1.0,xgb,FD,0.155,Personal Loan,0.058,Credit Card,0.0
C00354,0,10,Very Low,Low-touch cohort,0,0.015000000596046448,1.0,xgb,FD,0.215,Personal Loan,0.1,Overdraft,0.024
C00297,0,10,Very Low,Low-touch cohort,0,0.015000000596046448,1.0,xgb,FD,0.242,Personal Loan,0.1,Credit Card,0.0
C00080,0,10,Very Low,Low-touch cohort,0,0.015000000596046448,1.0,xgb,FD,0.102,Personal Loan,0.006,Credit Card,0.0
C00250,0,10,Very Low,Low-touch cohort,0,0.015000000596046448,1.0,xgb,FD,0.241,Personal Loan,0.1,Credit Card,0.0
C00371,0,10,Very Low,Low-touch cohort,0,0.015000000596046448,1.0,xgb,FD,0.193,Personal Loan,0.059,Credit Card,0.0
C00322,0,10,Very Low,Low-touch cohort,0,0.015000000596046448,1.0,xgb,Credit Card,0.627,FD,0.36,Personal Loan,0.274
C00158,0,10,Very Low,Low-touch cohort,0,0.015000000596046448,1.0,xgb,FD,0.34,Personal Loan,0.1,Credit Card,0.0
C00005,0,10,Very Low,Low-touch cohort,0,0.015000000596046448,1.0,xgb,FD,0.133,Personal Loan,0.055,Credit Card,0.0
C00100,0,10,Very Low,Low-touch cohort,0,0.015000000596046448,1.0,xgb,FD,0.17,Personal Loan,0.061,Credit Card,0.0
C00241,0,10,Very Low,Low-touch cohort,0,0.015000000596046448,1.0,xgb,FD,0.21,Personal Loan,0.1,Overdraft,0.017
C00293,0,10,Very Low,Low-touch cohort,0,0.015000000596046448,1.0,xgb,Credit Card,0.611,FD,0.481,Personal Loan,0.308
C00209,0,10,Very Low,Low-touch cohort,0,0.015000000596046448,1.0,xgb,FD,0.241,Personal Loan,0.1,Overdraft,0.024
C00059,0,10,Very Low,Low-touch cohort,0,0.015000000596046448,1.0,xgb,Credit Card,0.566,FD,0.451,Personal Loan,0.301
C00483,0,10,Very Low,Low-touch cohort,0,0.015000000596046448,1.0,xgb,Credit Card,0.767,Personal Loan,0.696,Overdraft,0.427
C00298,0,10,Very Low,Low-touch cohort,0,0.015000000596046448,1.0,xgb,FD,0.315,Personal Loan,0.1,Credit Card,0.0
C00466,0,10,Very Low,Low-touch cohort,0,0.015000000596046448,1.0,xgb,FD,0.245,Personal Loan,0.1,Credit Card,0.0
C00195,0,10,Very Low,Low-touch cohort,0,0.015000000596046448,1.0,xgb,FD,0.163,Personal Loan,0.063,Credit Card,0.0
C00249,0,10,Very Low,Low-touch cohort,0,0.015000000596046448,1.0,xgb,Credit Card,0.613,FD,0.445,Personal Loan,0.308
C00075,0,10,Very Low,Low-touch cohort,0,0.015000000596046448,1.0,xgb,FD,0.093,Personal Loan,0.037,Credit Card,0.0
C00351,0,10,Very Low,Low-touch cohort,0,0.015000000596046448,1.0,xgb,FD,0.211,Personal Loan,0.08,Credit Card,0.0
C00423,0,10,Very Low,Low-touch cohort,0,0.015000000596046448,1.0,xgb,Credit Card,0.614,FD,0.427,Personal Loan,0.289
C00402,0,10,Very Low,Low-touch cohort,0,0.015000000596046448,1.0,xgb,FD,0.24,Personal Loan,0.1,Overdraft,0.016
C00185,0,10,Very Low,Low-touch cohort,0,0.015000000596046448,1.0,xgb,FD,0.261,Personal Loan,0.1,Credit Card,0.0
C00425,0,10,Very Low,Low-touch cohort,0,0.015000000596046448,1.0,xgb,FD,0.178,Personal Loan,0.078,Credit Card,0.0
C00355,0,10,Very Low,Low-touch cohort,0,0.015000000596046448,1.0,xgb,FD,0.241,Personal Loan,0.083,Credit Card,0.0
C00283,0,10,Very Low,Low-touch cohort,0,0.015000000596046448,1.0,xgb,FD,0.173,Personal Loan,0.066,Credit Card,0.0
C00049,0,10,Very Low,Low-touch cohort,0,0.015000000596046448,1.0,xgb,FD,0.227,Personal Loan,0.1,Credit Card,0.0
C00448,1,9,Very Low,Low-touch cohort,0,0.015000000596046448,1.0,xgb,FD,0.225,Personal Loan,0.1,Credit Card,0.0
C00102,0,10,Very Low,Low-touch cohort,0,0.015000000596046448,1.0,xgb,Credit Card,0.58,FD,0.397,Personal Loan,0.328
C00359,0,10,Very Low,Low-touch cohort,0,0.015000000596046448,1.0,xgb,FD,0.162,Personal Loan,0.057,Credit Card,0.0
C00201,0,10,Very Low,Low-touch cohort,0,0.015000000596046448,1.0,xgb,Credit Card,0.624,FD,0.416,Personal Loan,0.321
C00417,0,10,Very Low,Low-touch cohort,0,0.015000000596046448,1.0,xgb,FD,0.218,Personal Loan,0.1,Credit Card,0.0
C00290,0,10,Very Low,Low-touch cohort,0,0.015000000596046448,1.0,xgb,FD,0.214,Personal Loan,0.1,Credit Card,0.0
C00262,0,10,Very Low,Low-touch cohort,0,0.015000000596046448,1.0,xgb,Credit Card,0.561,FD,0.415,Personal Loan,0.302
C00155,1,9,Very Low,Low-touch cohort,0,0.015000000596046448,1.0,xgb,FD,0.372,Personal Loan,0.1,Overdraft,0.022
C00103,0,10,Very Low,Low-touch cohort,0,0.015000000596046448,1.0,xgb,FD,0.227,Personal Loan,0.1,Credit Card,0.0
C00116,0,10,Very Low,Low-touch cohort,0,0.015000000596046448,1.0,xgb,Credit Card,0.62,FD,0.425,Personal Loan,0.31
C00233,0,10,Very Low,Low-touch cohort,0,0.015000000596046448,1.0,xgb,Credit Card,0.606,FD,0.444,Personal Loan,0.305
C00051,0,10,Very Low,Low-touch cohort,0,0.015000000596046448,1.0,xgb,Credit Card,0.611,FD,0.425,Personal Loan,0.305
C00169,0,10,Very Low,Low-touch cohort,0,0.015000000596046448,1.0,xgb,Credit Card,0.571,FD,0.36,Personal Loan,0.294
C00376,0,10,Very Low,Low-touch cohort,0,0.015000000596046448,1.0,xgb,FD,0.235,Personal Loan,0.1,Credit Card,0.0
C00023,0,10,Very Low,Low-touch cohort,0,0.015000000596046448,1.0,xgb,Credit Card,0.614,FD,0.413,Personal Loan,0.316
C00143,0,10,Very Low,Low-touch cohort,0,0.015000000596046448,1.0,xgb,FD,0.22,Personal Loan,0.1,Credit Card,0.0
C00029,0,10,Very Low,Low-touch cohort,0,0.015000000596046448,1.0,xgb,Credit Card,0.621,FD,0.413,Personal Loan,0.304
C00493,0,10,Very Low,Low-touch cohort,0,0.015000000596046448,1.0,xgb,Credit Card,0.778,Personal Loan,0.736,Overdraft,0.42
C00203,0,10,Very Low,Low-touch cohort,0,0.015000000596046448,1.0,xgb,Credit Card,0.607,FD,0.435,Personal Loan,0.305
C00123,1,9,Very Low,Low-touch cohort,0,0.015000000596046448,1.0,xgb,Credit Card,0.76,Personal Loan,0.605,FD,0.521
