cust_id,Customer_ID,lead_id,lead_score_0_100,cltv_decile,cltv_category_q,recommended_action,priority_flag,ml_proba,hybrid_score_0_100,champion_model
C00212,CUST000212,211,67,1,Very High,Call + RM follow-up,1,0.978614147813154,79.0,unified_lgbm
C00184,CUST000184,183,60,1,Very High,Call + RM follow-up,1,0.9935233368266678,76.0,unified_lgbm
C00020,CUST000020,19,61,1,Very High,Call + RM follow-up,1,0.9653595538922902,75.0,unified_lgbm
C00248,CUST000248,247,49,1,Very High,Call + RM follow-up,1,0.9688986556778753,68.0,unified_lgbm
C00255,CUST000255,254,46,1,Very High,Call + RM follow-up,1,0.971577873330911,66.0,unified_lgbm
C00465,CUST000465,464,44,1,Very High,Call + RM follow-up,1,0.9928864579481228,66.0,unified_lgbm
C00036,CUST000036,35,46,1,Very High,Call + RM follow-up,1,0.9395417388761428,65.0,unified_lgbm
C00088,CUST000088,87,43,1,Very High,Call + RM follow-up,1,0.9772523847528308,65.0,unified_lgbm
C00019,CUST000019,18,43,1,Very High,Call + RM follow-up,1,0.9821634416233176,65.0,unified_lgbm
C00028,CUST000028,27,42,1,Very High,Call + RM follow-up,1,0.9773021569911908,64.0,unified_lgbm
C00011,CUST000011,10,38,1,Very High,Call + RM follow-up,1,0.986402123377748,62.0,unified_lgbm
C00135,CUST000135,134,100,1,Very High,Call + RM follow-up,1,0.0159458779102304,61.0,unified_lgbm
C00219,CUST000219,218,37,1,Very High,Call + RM follow-up,1,0.9599998037406368,61.0,unified_lgbm
C00279,CUST000279,278,35,1,Very High,Call + RM follow-up,1,0.989314044599228,61.0,unified_lgbm
C00048,CUST000048,47,36,1,Very High,Call + RM follow-up,1,0.9693240326075372,60.0,unified_lgbm
C00291,CUST000291,290,36,1,Very High,Call + RM follow-up,1,0.9453671060400912,59.0,unified_lgbm
C00430,CUST000430,429,33,1,Very High,Call + RM follow-up,1,0.969361127679248,59.0,unified_lgbm
C00050,CUST000050,49,33,1,Very High,Call + RM follow-up,1,0.9786381777827116,59.0,unified_lgbm
C00380,CUST000380,379,31,1,Very High,Call + RM follow-up,1,0.9843698014499992,58.0,unified_lgbm
C00421,CUST000421,420,30,1,Very High,Call + RM follow-up,1,0.985493045068482,57.0,unified_lgbm
C00335,CUST000335,334,30,1,Very High,Call + RM follow-up,1,0.9650993881857546,57.0,unified_lgbm
C00128,CUST000128,127,30,1,Very High,Call + RM follow-up,1,0.9622200881771018,56.0,unified_lgbm
C00181,CUST000181,180,28,1,Very High,Call + RM follow-up,1,0.9793071379429504,56.0,unified_lgbm
C00434,CUST000434,433,27,2,High,Call within 48h,1,0.9742651713955812,55.0,unified_lgbm
C00021,CUST000021,20,26,2,High,Call within 48h,1,0.9887925187889848,55.0,unified_lgbm
C00235,CUST000235,234,26,2,High,Call within 48h,1,0.9732502879815084,55.0,unified_lgbm
C00068,CUST000068,67,26,2,High,Call within 48h,1,0.9557085886144387,54.0,unified_lgbm
C00276,CUST000276,275,24,2,High,Call within 48h,1,0.9868557568360394,54.0,unified_lgbm
C00401,CUST000401,400,24,2,High,Call within 48h,1,0.9673674141888838,53.0,unified_lgbm
C00150,CUST000150,149,24,2,High,Call within 48h,1,0.964143797548312,53.0,unified_lgbm
C00183,CUST000183,182,22,2,High,Call within 48h,1,0.9829485625554348,53.0,unified_lgbm
C00442,CUST000442,441,22,2,High,Call within 48h,1,0.9841513712093384,53.0,unified_lgbm
C00287,CUST000287,286,22,2,High,Call within 48h,1,0.9843538692539128,53.0,unified_lgbm
C00435,CUST000435,434,22,2,High,Call within 48h,1,0.9902095416619132,53.0,unified_lgbm
C00159,CUST000159,158,24,2,High,Call within 48h,1,0.9422827487801736,52.0,unified_lgbm
C00215,CUST000215,214,23,2,High,Call within 48h,1,0.9631751390879648,52.0,unified_lgbm
C00086,CUST000086,85,22,2,High,Call within 48h,1,0.9627401584124956,52.0,unified_lgbm
C00253,CUST000253,252,22,2,High,Call within 48h,1,0.9752810932087796,52.0,unified_lgbm
C00189,CUST000189,188,22,2,High,Call within 48h,1,0.961259815078934,52.0,unified_lgbm
C00234,CUST000234,233,21,2,High,Call within 48h,1,0.980867359541986,52.0,unified_lgbm
C00487,CUST000487,486,20,2,High,Call within 48h,1,0.9759883543463852,51.0,unified_lgbm
C00326,CUST000326,325,19,3,High,Call within 48h,0,0.980813366207695,51.0,unified_lgbm
C00433,CUST000433,432,19,3,High,Call within 48h,0,0.974151196231258,50.0,unified_lgbm
C00138,CUST000138,137,18,3,High,Call within 48h,0,0.9773351452913848,50.0,unified_lgbm
C00002,CUST000002,1,18,3,High,Call within 48h,0,0.972300389421584,50.0,unified_lgbm
C00035,CUST000035,34,18,3,High,Call within 48h,0,0.9715865993609456,50.0,unified_lgbm
C00308,CUST000308,307,18,3,High,Call within 48h,0,0.9812254663842228,50.0,unified_lgbm
C00026,CUST000026,25,17,3,High,Call within 48h,0,0.9914466081888456,50.0,unified_lgbm
C00012,CUST000012,11,17,3,High,Call within 48h,0,0.9772616788155198,49.0,unified_lgbm
C00459,CUST000459,458,16,3,High,Call within 48h,0,0.9821810169493314,49.0,unified_lgbm
C00242,CUST000242,241,16,3,High,Call within 48h,0,0.9942954712198006,49.0,unified_lgbm
C00078,CUST000078,77,16,3,High,Call within 48h,0,0.9752044720999784,49.0,unified_lgbm
C00117,CUST000117,116,16,3,Medium,Call within 48h,0,0.9894233557346228,49.0,unified_lgbm
C00216,CUST000216,215,16,3,Medium,Call within 48h,0,0.9773096076388196,49.0,unified_lgbm
C00144,CUST000144,143,16,3,High,Call within 48h,0,0.9766628019715976,49.0,unified_lgbm
C00057,CUST000057,56,17,3,High,Call within 48h,0,0.947261622251431,48.0,unified_lgbm
C00115,CUST000115,114,16,3,High,Call within 48h,0,0.9694504878497654,48.0,unified_lgbm
C00388,CUST000388,387,16,3,Medium,Call within 48h,0,0.9714328035233172,48.0,unified_lgbm
C00134,CUST000134,133,15,4,Medium,Nurture email/SMS,0,0.9781034791992078,48.0,unified_lgbm
C00428,CUST000428,427,15,4,Medium,Nurture email/SMS,0,0.973343890850056,48.0,unified_lgbm
C00489,CUST000489,488,15,4,Medium,Nurture email/SMS,0,0.9800205153871486,48.0,unified_lgbm
C00018,CUST000018,17,15,4,Medium,Nurture email/SMS,0,0.9640304503742596,48.0,unified_lgbm
C00069,CUST000069,68,14,4,Medium,Nurture email/SMS,0,0.9826591754262286,48.0,unified_lgbm
C00222,CUST000222,221,15,4,Medium,Nurture email/SMS,0,0.9621737458374284,47.0,unified_lgbm
C00363,CUST000363,362,15,4,Medium,Nurture email/SMS,0,0.954642419233916,47.0,unified_lgbm
C00228,CUST000228,227,15,4,Medium,Nurture email/SMS,0,0.960813269223157,47.0,unified_lgbm
C00342,CUST000342,341,14,4,Medium,Nurture email/SMS,0,0.9634464596371326,47.0,unified_lgbm
C00443,CUST000443,442,14,4,Medium,Nurture email/SMS,0,0.9683517345333984,47.0,unified_lgbm
C00198,CUST000198,197,14,4,Medium,Nurture email/SMS,0,0.9728454697117684,47.0,unified_lgbm
C00478,CUST000478,477,14,4,Medium,Nurture email/SMS,0,0.9661862085209476,47.0,unified_lgbm
C00440,CUST000440,439,13,4,Medium,Nurture email/SMS,0,0.9822744476144292,47.0,unified_lgbm
C00114,CUST000114,113,13,4,Medium,Nurture email/SMS,0,0.9691120754810872,47.0,unified_lgbm
C00406,CUST000406,405,13,4,Medium,Nurture email/SMS,0,0.9618641887046494,46.0,unified_lgbm
C00013,CUST000013,12,12,4,Medium,Nurture email/SMS,0,0.9715562926992672,46.0,unified_lgbm
C00281,CUST000281,280,12,4,Medium,Nurture email/SMS,0,0.9806662790395954,46.0,unified_lgbm
C00481,CUST000481,480,11,5,Medium,Nurture email/SMS,0,0.9743660406286856,46.0,unified_lgbm
C00350,CUST000350,349,11,5,Medium,Nurture email/SMS,0,0.9780476005593276,46.0,unified_lgbm
C00098,CUST000098,97,11,5,Medium,Nurture email/SMS,0,0.9790486023838104,46.0,unified_lgbm
C00441,CUST000441,440,11,5,Medium,Nurture email/SMS,0,0.9789550079991008,46.0,unified_lgbm
C00240,CUST000240,239,11,5,Medium,Nurture email/SMS,0,0.9831105430913072,46.0,unified_lgbm
C00474,CUST000474,473,11,5,Medium,Nurture email/SMS,0,0.9683816406152496,45.0,unified_lgbm
C00030,CUST000030,29,10,5,Medium,Nurture email/SMS,0,0.967003001985337,45.0,unified_lgbm
C00304,CUST000304,303,9,5,Medium,Nurture email/SMS,0,0.97968164494695,45.0,unified_lgbm
C00192,CUST000192,191,9,5,Medium,Nurture email/SMS,0,0.9958806295261908,45.0,unified_lgbm
C00271,CUST000271,270,12,5,Medium,Nurture email/SMS,0,0.9317931421184916,44.0,unified_lgbm
C00200,CUST000200,199,8,6,Medium,Nurture email/SMS,0,0.9746798132934468,44.0,unified_lgbm
C00131,CUST000131,130,8,6,Medium,Nurture email/SMS,0,0.9727578334561218,44.0,unified_lgbm
C00353,CUST000353,352,8,6,Medium,Nurture email/SMS,0,0.9813339715982142,44.0,unified_lgbm
C00157,CUST000157,156,7,6,Medium,Nurture email/SMS,0,0.9861295536569654,44.0,unified_lgbm
C00251,CUST000251,250,71,1,Very High,Call + RM follow-up,1,0.0144254902942574,43.0,unified_lgbm
C00140,CUST000140,139,9,5,Medium,Nurture email/SMS,0,0.9521289931027068,43.0,unified_lgbm
C00495,CUST000495,494,7,6,Medium,Nurture email/SMS,0,0.9599164711198684,43.0,unified_lgbm
C00282,CUST000282,281,7,6,Medium,Nurture email/SMS,0,0.965320779196148,43.0,unified_lgbm
C00096,CUST000096,95,7,6,Medium,Nurture email/SMS,0,0.971125408795564,43.0,unified_lgbm
C00292,CUST000292,291,7,6,Medium,Nurture email/SMS,0,0.9722713646319436,43.0,unified_lgbm
C00336,CUST000336,335,6,6,Medium,Nurture email/SMS,0,0.9792207887867824,43.0,unified_lgbm
C00368,CUST000368,367,7,6,Medium,Nurture email/SMS,0,0.9547472920018044,42.0,unified_lgbm
C00031,CUST000031,30,6,6,Medium,Nurture email/SMS,0,0.950520822511272,42.0,unified_lgbm
C00076,CUST000076,75,6,6,Medium,Nurture email/SMS,0,0.9710808000414026,42.0,unified_lgbm
C00010,CUST000010,9,5,7,Low,Low-touch cohort,0,0.9709107219915049,42.0,unified_lgbm
C00473,CUST000473,472,5,7,Low,Low-touch cohort,0,0.9651602397836344,42.0,unified_lgbm
C00367,CUST000367,366,4,7,Low,Low-touch cohort,0,0.9846716736991512,42.0,unified_lgbm
C00027,CUST000027,26,5,7,Low,Low-touch cohort,0,0.9422014585858398,41.0,unified_lgbm
C00148,CUST000148,147,5,7,Low,Low-touch cohort,0,0.9601613706200076,41.0,unified_lgbm
C00182,CUST000182,181,5,6,Medium,Nurture email/SMS,0,0.9540941751335336,41.0,unified_lgbm
C00179,CUST000179,178,4,7,Low,Low-touch cohort,0,0.9637068830540704,41.0,unified_lgbm
C00066,CUST000066,65,4,7,Low,Low-touch cohort,0,0.9601253587128652,41.0,unified_lgbm
C00445,CUST000445,444,3,8,Low,Low-touch cohort,0,0.9695360256007725,41.0,unified_lgbm
C00122,CUST000122,121,3,8,Low,Low-touch cohort,0,0.970469023473474,41.0,unified_lgbm
C00145,CUST000145,144,3,7,Low,Low-touch cohort,0,0.97685529779,41.0,unified_lgbm
C00064,CUST000064,63,2,8,Low,Low-touch cohort,0,0.9837082465982038,41.0,unified_lgbm
C00399,CUST000399,398,67,1,Very High,Call + RM follow-up,1,0.0050334788991014,40.0,unified_lgbm
C00330,CUST000330,329,3,8,Low,Low-touch cohort,0,0.9657000941642282,40.0,unified_lgbm
C00072,CUST000072,71,3,8,Low,Low-touch cohort,0,0.963109610295813,40.0,unified_lgbm
C00272,CUST000272,271,3,8,Low,Low-touch cohort,0,0.9543532604192362,40.0,unified_lgbm
C00470,CUST000470,469,3,7,Low,Low-touch cohort,0,0.962876600244278,40.0,unified_lgbm
C00456,CUST000456,455,3,8,Low,Low-touch cohort,0,0.961027475323102,40.0,unified_lgbm
C00267,CUST000267,266,3,8,Low,Low-touch cohort,0,0.9552230753130204,40.0,unified_lgbm
C00327,CUST000327,326,3,7,Low,Low-touch cohort,0,0.9630568785683776,40.0,unified_lgbm
C00439,CUST000439,438,2,8,Low,Low-touch cohort,0,0.973709700014544,40.0,unified_lgbm
C00323,CUST000323,322,2,8,Low,Low-touch cohort,0,0.975251766623101,40.0,unified_lgbm
C00300,CUST000300,299,2,8,Low,Low-touch cohort,0,0.9738536889417864,40.0,unified_lgbm
C00207,CUST000207,206,2,8,Low,Low-touch cohort,0,0.9748258196580046,40.0,unified_lgbm
C00139,CUST000139,138,2,8,Low,Low-touch cohort,0,0.9579509100929416,40.0,unified_lgbm
C00177,CUST000177,176,2,8,Low,Low-touch cohort,0,0.9776235138482016,40.0,unified_lgbm
C00453,CUST000453,452,2,8,Low,Low-touch cohort,0,0.9708304605733964,40.0,unified_lgbm
C00306,CUST000306,305,2,8,Low,Low-touch cohort,0,0.9688485298779858,40.0,unified_lgbm
C00040,CUST000040,39,1,9,Very Low,Low-touch cohort,0,0.9805944616562162,40.0,unified_lgbm
C00210,CUST000210,209,1,9,Very Low,Low-touch cohort,0,0.9879214215556422,40.0,unified_lgbm
C00426,CUST000426,425,1,9,Very Low,Low-touch cohort,0,0.9821735480632716,40.0,unified_lgbm
C00055,CUST000055,54,1,9,Very Low,Low-touch cohort,0,0.9736653345353696,40.0,unified_lgbm
C00141,CUST000141,140,1,9,Very Low,Low-touch cohort,0,0.9852121475659592,40.0,unified_lgbm
C00393,CUST000393,392,0,,,,,0.989407461390839,40.0,unified_lgbm
C00358,CUST000358,357,4,7,Low,Low-touch cohort,0,0.9226350662814063,39.0,unified_lgbm
C00091,CUST000091,90,2,8,Low,Low-touch cohort,0,0.9481181587249964,39.0,unified_lgbm
C00301,CUST000301,300,2,8,Low,Low-touch cohort,0,0.9539714857217818,39.0,unified_lgbm
C00032,CUST000032,31,2,8,Low,Low-touch cohort,0,0.9510563727514306,39.0,unified_lgbm
C00264,CUST000264,263,2,8,Low,Low-touch cohort,0,0.955364718518488,39.0,unified_lgbm
C00397,CUST000397,396,2,8,Low,Low-touch cohort,0,0.9566848435875904,39.0,unified_lgbm
C00041,CUST000041,40,1,9,Very Low,Low-touch cohort,0,0.9576186399657162,39.0,unified_lgbm
C00324,CUST000324,323,1,9,Very Low,Low-touch cohort,0,0.9656756789315042,39.0,unified_lgbm
C00394,CUST000394,393,1,9,Very Low,Low-touch cohort,0,0.9594606853855866,39.0,unified_lgbm
C00464,CUST000464,463,1,9,Very Low,Low-touch cohort,0,0.9684557469401776,39.0,unified_lgbm
C00448,CUST000448,447,1,9,Very Low,Low-touch cohort,0,0.9686075407477812,39.0,unified_lgbm
C00158,CUST000158,157,0,10,Very Low,Low-touch cohort,0,0.9715982670011476,39.0,unified_lgbm
C00023,CUST000023,22,0,10,Very Low,Low-touch cohort,0,0.9681182895135494,39.0,unified_lgbm
C00005,CUST000005,4,0,10,Very Low,Low-touch cohort,0,0.972067893627682,39.0,unified_lgbm
C00006,CUST000006,5,0,,,,,0.968327488815418,39.0,unified_lgbm
C00209,CUST000209,208,0,10,Very Low,Low-touch cohort,0,0.972468280604592,39.0,unified_lgbm
C00447,CUST000447,446,0,9,Very Low,Low-touch cohort,0,0.969791015597415,39.0,unified_lgbm
C00348,CUST000348,347,0,9,Very Low,Low-touch cohort,0,0.9709632861613916,39.0,unified_lgbm
C00415,CUST000415,414,0,10,Very Low,Low-touch cohort,0,0.968077641820118,39.0,unified_lgbm
C00402,CUST000402,401,0,10,Very Low,Low-touch cohort,0,0.9645428451446532,39.0,unified_lgbm
C00185,CUST000185,184,0,10,Very Low,Low-touch cohort,0,0.9720636631921123,39.0,unified_lgbm
C00410,CUST000410,409,0,10,Very Low,Low-touch cohort,0,0.9748950906308204,39.0,unified_lgbm
C00322,CUST000322,321,0,10,Very Low,Low-touch cohort,0,0.9747129282869432,39.0,unified_lgbm
C00163,CUST000163,162,0,9,Very Low,Low-touch cohort,0,0.9725304557179802,39.0,unified_lgbm
C00286,CUST000286,285,0,,,,,0.9549902439103196,38.0,unified_lgbm
C00195,CUST000195,194,0,10,Very Low,Low-touch cohort,0,0.9612883114526576,38.0,unified_lgbm
C00083,CUST000083,82,0,9,Very Low,Low-touch cohort,0,0.9596205137261602,38.0,unified_lgbm
C00483,CUST000483,482,0,10,Very Low,Low-touch cohort,0,0.9480683234536512,38.0,unified_lgbm
C00283,CUST000283,282,0,10,Very Low,Low-touch cohort,0,0.9607697184489096,38.0,unified_lgbm
C00226,CUST000226,225,0,,,,,0.9522449572029492,38.0,unified_lgbm
C00386,CUST000386,385,0,9,Very Low,Low-touch cohort,0,0.9566469789199044,38.0,unified_lgbm
C00407,CUST000407,406,0,,,,,0.9531136857096671,38.0,unified_lgbm
C00494,CUST000494,493,0,,,,,0.9539387710994084,38.0,unified_lgbm
C00108,CUST000108,107,55,1,Very High,Call + RM follow-up,1,0.031799504139624,34.0,unified_lgbm
C00113,CUST000113,112,50,1,Very High,Call + RM follow-up,1,0.0330762362942183,31.0,unified_lgbm
C00450,CUST000450,449,47,1,Very High,Call + RM follow-up,1,0.0393180038598007,30.0,unified_lgbm
C00392,CUST000392,391,48,1,Very High,Call + RM follow-up,1,0.0047925994309499,29.0,unified_lgbm
C00025,CUST000025,24,47,1,Very High,Call + RM follow-up,1,0.0258177324779726,29.0,unified_lgbm
C00129,CUST000129,128,44,1,Very High,Call + RM follow-up,1,0.0039452658723861,27.0,unified_lgbm
C00395,CUST000395,394,44,1,Very High,Call + RM follow-up,1,0.0060677367657608,27.0,unified_lgbm
C00309,CUST000309,308,41,1,Very High,Call + RM follow-up,1,0.0102776932747153,25.0,unified_lgbm
C00193,CUST000193,192,41,1,Very High,Call + RM follow-up,1,0.0090269725932174,25.0,unified_lgbm
C00375,CUST000375,374,40,1,Very High,Call + RM follow-up,1,0.0372942906944317,25.0,unified_lgbm
C00486,CUST000486,485,37,1,Very High,Call + RM follow-up,1,0.0350235744957685,24.0,unified_lgbm
C00305,CUST000305,304,36,1,Very High,Call + RM follow-up,1,0.0358262739517398,23.0,unified_lgbm
C00444,CUST000444,443,33,1,Very High,Call + RM follow-up,1,0.0315435173679757,21.0,unified_lgbm
C00360,CUST000360,359,33,1,Very High,Call + RM follow-up,1,0.011175991750052,20.0,unified_lgbm
C00403,CUST000403,402,32,1,Very High,Call + RM follow-up,1,0.0183693346248407,20.0,unified_lgbm
C00196,CUST000196,195,30,1,Very High,Call + RM follow-up,1,0.0385676340924488,20.0,unified_lgbm
C00024,CUST000024,23,31,1,Very High,Call + RM follow-up,1,0.020188500873101,19.0,unified_lgbm
C00124,CUST000124,123,31,1,Very High,Call + RM follow-up,1,0.0174436804846815,19.0,unified_lgbm
C00094,CUST000094,93,30,1,Very High,Call + RM follow-up,1,0.0182731625348606,19.0,unified_lgbm
C00258,CUST000258,257,29,1,Very High,Call + RM follow-up,1,0.039471295084094,19.0,unified_lgbm
C00497,CUST000497,496,29,1,Very High,Call + RM follow-up,1,0.029356019310533,19.0,unified_lgbm
C00180,CUST000180,179,28,1,Very High,Call + RM follow-up,1,0.0266342481864716,18.0,unified_lgbm
C00127,CUST000127,126,28,1,High,Call + RM follow-up,1,0.0082569731696873,17.0,unified_lgbm
C00472,CUST000472,471,28,1,Very High,Call + RM follow-up,1,0.0148153218712801,17.0,unified_lgbm
C00484,CUST000484,483,27,2,High,Call within 48h,1,0.0237553686861139,17.0,unified_lgbm
C00314,CUST000314,313,26,2,High,Call within 48h,1,0.0288098699400359,17.0,unified_lgbm
C00095,CUST000095,94,26,2,High,Call within 48h,1,0.0161640974118489,16.0,unified_lgbm
C00461,CUST000461,460,26,2,High,Call within 48h,1,0.0070398057488145,16.0,unified_lgbm
C00167,CUST000167,166,24,2,High,Call within 48h,1,0.0275766557626842,16.0,unified_lgbm
C00213,CUST000213,212,25,2,High,Call within 48h,1,0.0042128198257206,15.0,unified_lgbm
C00202,CUST000202,201,24,2,High,Call within 48h,1,0.0082248202843365,15.0,unified_lgbm
C00252,CUST000252,251,24,2,High,Call within 48h,1,0.0129095976367292,15.0,unified_lgbm
C00008,CUST000008,7,24,2,High,Call within 48h,1,0.0112662033290556,15.0,unified_lgbm
C00424,CUST000424,423,24,2,High,Call within 48h,1,0.0234904649490055,15.0,unified_lgbm
C00408,CUST000408,407,24,2,High,Call within 48h,1,0.0119703689910903,15.0,unified_lgbm
C00431,CUST000431,430,24,2,High,Call within 48h,1,0.0110712784571728,15.0,unified_lgbm
C00106,CUST000106,105,23,2,High,Call within 48h,1,0.0210283326584625,15.0,unified_lgbm
C00077,CUST000077,76,23,2,High,Call within 48h,1,0.0156378674059597,14.0,unified_lgbm
C00009,CUST000009,8,23,2,High,Call within 48h,1,0.0006659560459773,14.0,unified_lgbm
C00043,CUST000043,42,23,2,High,Call within 48h,1,0.0145046418614163,14.0,unified_lgbm
C00118,CUST000118,117,22,2,High,Call within 48h,1,0.0190155569806063,14.0,unified_lgbm
C00404,CUST000404,403,22,2,High,Call within 48h,1,0.0206045088213153,14.0,unified_lgbm
C00296,CUST000296,295,22,2,High,Call within 48h,1,0.0132027661685116,14.0,unified_lgbm
C00039,CUST000039,38,22,2,High,Call within 48h,1,0.0083858918575095,14.0,unified_lgbm
C00460,CUST000460,459,22,2,High,Call within 48h,1,0.0183542712469541,14.0,unified_lgbm
C00097,CUST000097,96,22,2,High,Call within 48h,1,0.0053475822823873,13.0,unified_lgbm
C00340,CUST000340,339,21,2,High,Call within 48h,1,0.0112215054299922,13.0,unified_lgbm
C00345,CUST000345,344,21,2,High,Call within 48h,1,0.0070296543928171,13.0,unified_lgbm
C00217,CUST000217,216,20,2,High,Call within 48h,1,0.0142073792339459,13.0,unified_lgbm
C00149,CUST000149,148,20,2,High,Call within 48h,1,0.02082684240829,13.0,unified_lgbm
C00047,CUST000047,46,20,2,High,Call within 48h,1,0.0230688907960461,13.0,unified_lgbm
C00154,CUST000154,153,20,2,High,Call within 48h,1,0.0150331150033634,13.0,unified_lgbm
C00046,CUST000046,45,20,2,High,Call within 48h,1,0.0153784356528693,13.0,unified_lgbm
C00365,CUST000365,364,20,2,High,Call within 48h,1,0.0029333412299736,12.0,unified_lgbm
C00107,CUST000107,106,20,2,High,Call within 48h,1,0.0121898660595651,12.0,unified_lgbm
C00398,CUST000398,397,19,3,High,Call within 48h,0,0.0190109483973291,12.0,unified_lgbm
C00001,CUST000001,0,19,3,High,Call within 48h,0,0.0168353599034098,12.0,unified_lgbm
C00488,CUST000488,487,19,3,High,Call within 48h,0,0.0154665219935225,12.0,unified_lgbm
C00060,CUST000060,59,19,3,High,Call within 48h,0,0.0095193322839553,12.0,unified_lgbm
C00247,CUST000247,246,19,3,High,Call within 48h,0,0.007775437581794,12.0,unified_lgbm
C00070,CUST000070,69,18,3,High,Call within 48h,0,0.0176725287635047,12.0,unified_lgbm
C00133,CUST000133,132,18,3,High,Call within 48h,0,0.0086053053339716,11.0,unified_lgbm
C00042,CUST000042,41,18,3,High,Call within 48h,0,0.0123498574755369,11.0,unified_lgbm
C00366,CUST000366,365,18,3,High,Call within 48h,0,0.0146797889275484,11.0,unified_lgbm
C00332,CUST000332,331,18,3,High,Call within 48h,0,0.0043443449442141,11.0,unified_lgbm
C00125,CUST000125,124,18,3,High,Call within 48h,0,0.0090876633062273,11.0,unified_lgbm
C00168,CUST000168,167,18,3,High,Call within 48h,0,0.008560609404745,11.0,unified_lgbm
C00476,CUST000476,475,18,3,High,Call within 48h,0,0.0069805538493465,11.0,unified_lgbm
C00310,CUST000310,309,17,3,High,Call within 48h,0,0.0218984304244382,11.0,unified_lgbm
C00224,CUST000224,223,17,3,High,Call within 48h,0,0.0093427998863083,11.0,unified_lgbm
C00446,CUST000446,445,17,3,High,Call within 48h,0,0.0177561542683569,11.0,unified_lgbm
C00383,CUST000383,382,17,3,High,Call within 48h,0,0.0134879139701148,11.0,unified_lgbm
C00379,CUST000379,378,17,3,High,Call within 48h,0,0.0155635824836702,11.0,unified_lgbm
C00191,CUST000191,190,17,3,High,Call within 48h,0,0.0099173576105497,11.0,unified_lgbm
C00197,CUST000197,196,17,3,High,Call within 48h,0,0.0236542005593782,11.0,unified_lgbm
C00161,CUST000161,160,17,3,High,Call within 48h,0,0.0065594028845263,10.0,unified_lgbm
C00164,CUST000164,163,17,3,High,Call within 48h,0,0.0057498639793398,10.0,unified_lgbm
C00338,CUST000338,337,17,3,High,Call within 48h,0,0.0005464042490366,10.0,unified_lgbm
C00325,CUST000325,324,17,3,High,Call within 48h,0,0.0059473588806985,10.0,unified_lgbm
C00225,CUST000225,224,16,3,High,Call within 48h,0,0.010082739237323,10.0,unified_lgbm
C00482,CUST000482,481,16,3,High,Call within 48h,0,0.0185615474572802,10.0,unified_lgbm
C00462,CUST000462,461,16,3,High,Call within 48h,0,0.0039795599044382,10.0,unified_lgbm
C00147,CUST000147,146,16,3,High,Call within 48h,0,0.0203538975804251,10.0,unified_lgbm
C00211,CUST000211,210,16,3,Medium,Call within 48h,0,0.0209305921572406,10.0,unified_lgbm
C00199,CUST000199,198,16,3,High,Call within 48h,0,0.0180126927323239,10.0,unified_lgbm
C00374,CUST000374,373,15,3,Medium,Call within 48h,0,0.0213640950978404,10.0,unified_lgbm
C00307,CUST000307,306,15,4,Medium,Nurture email/SMS,0,0.0132863743153088,10.0,unified_lgbm
C00469,CUST000469,468,15,4,Medium,Nurture email/SMS,0,0.0157656187415203,10.0,unified_lgbm
C00067,CUST000067,66,15,4,Medium,Nurture email/SMS,0,0.0132848551077186,10.0,unified_lgbm
C00385,CUST000385,384,14,4,Medium,Nurture email/SMS,0,0.0279329695029279,10.0,unified_lgbm
C00045,CUST000045,44,14,4,Medium,Nurture email/SMS,0,0.033633255057746,10.0,unified_lgbm
C00277,CUST000277,276,14,4,Medium,Nurture email/SMS,0,0.0351082088416164,10.0,unified_lgbm
C00357,CUST000357,356,15,4,Medium,Nurture email/SMS,0,0.0096817687633531,9.0,unified_lgbm
C00389,CUST000389,388,14,4,Medium,Nurture email/SMS,0,0.0039462821510488,9.0,unified_lgbm
C00054,CUST000054,53,14,4,Medium,Nurture email/SMS,0,0.0040401083480383,9.0,unified_lgbm
C00056,CUST000056,55,14,4,Medium,Nurture email/SMS,0,0.0258728539976016,9.0,unified_lgbm
C00418,CUST000418,417,14,4,Medium,Nurture email/SMS,0,0.0097922350617414,9.0,unified_lgbm
C00416,CUST000416,415,14,4,Medium,Nurture email/SMS,0,0.0221787093535895,9.0,unified_lgbm
C00364,CUST000364,363,14,4,Medium,Nurture email/SMS,0,0.0110824471819133,9.0,unified_lgbm
C00084,CUST000084,83,13,4,Medium,Nurture email/SMS,0,0.017597449189292,9.0,unified_lgbm
C00263,CUST000263,262,13,4,Medium,Nurture email/SMS,0,0.0210467317903317,9.0,unified_lgbm
C00396,CUST000396,395,13,4,Medium,Nurture email/SMS,0,0.026252936834253,9.0,unified_lgbm
C00037,CUST000037,36,13,4,Medium,Nurture email/SMS,0,0.0120213449475165,8.0,unified_lgbm
C00176,CUST000176,175,13,4,Medium,Nurture email/SMS,0,0.0067768671504214,8.0,unified_lgbm
C00111,CUST000111,110,13,4,Medium,Nurture email/SMS,0,0.0157579314132577,8.0,unified_lgbm
C00265,CUST000265,264,13,4,Medium,Nurture email/SMS,0,0.0052861915915591,8.0,unified_lgbm
C00257,CUST000257,256,13,4,Medium,Nurture email/SMS,0,0.0021051873625574,8.0,unified_lgbm
C00480,CUST000480,479,13,4,Medium,Nurture email/SMS,0,0.0135690686050526,8.0,unified_lgbm
C00455,CUST000455,454,12,5,Medium,Nurture email/SMS,0,0.0248522495521004,8.0,unified_lgbm
C00151,CUST000151,150,12,4,Medium,Nurture email/SMS,0,0.017995089337913,8.0,unified_lgbm
C00344,CUST000344,343,12,4,Medium,Nurture email/SMS,0,0.0324870442406265,8.0,unified_lgbm
C00266,CUST000266,265,12,4,Medium,Nurture email/SMS,0,0.0320349029265968,8.0,unified_lgbm
C00303,CUST000303,302,12,4,Medium,Nurture email/SMS,0,0.0301137959560322,8.0,unified_lgbm
C00170,CUST000170,169,12,4,Medium,Nurture email/SMS,0,0.0228886475188641,8.0,unified_lgbm
C00294,CUST000294,293,12,5,Medium,Nurture email/SMS,0,0.0107472226200113,8.0,unified_lgbm
C00190,CUST000190,189,12,4,Medium,Nurture email/SMS,0,0.0190547812486776,8.0,unified_lgbm
C00321,CUST000321,320,12,4,Medium,Nurture email/SMS,0,0.0173254953166097,8.0,unified_lgbm
C00175,CUST000175,174,12,5,Medium,Nurture email/SMS,0,0.0278402104490684,8.0,unified_lgbm
C00268,CUST000268,267,12,4,Medium,Nurture email/SMS,0,0.0250791595116103,8.0,unified_lgbm
C00274,CUST000274,273,11,5,Medium,Nurture email/SMS,0,0.0240815613164412,8.0,unified_lgbm
C00033,CUST000033,32,11,5,Medium,Nurture email/SMS,0,0.0228197470603765,8.0,unified_lgbm
C00457,CUST000457,456,12,4,Medium,Nurture email/SMS,0,0.0066241817555116,7.0,unified_lgbm
C00245,CUST000245,244,12,5,Medium,Nurture email/SMS,0,0.0038938437376351,7.0,unified_lgbm
C00496,CUST000496,495,11,5,Medium,Nurture email/SMS,0,0.0196135970740552,7.0,unified_lgbm
C00188,CUST000188,187,11,5,Medium,Nurture email/SMS,0,0.0081551012193147,7.0,unified_lgbm
C00492,CUST000492,491,11,5,Medium,Nurture email/SMS,0,0.0134502448842948,7.0,unified_lgbm
C00436,CUST000436,435,11,5,Medium,Nurture email/SMS,0,0.0177662066886326,7.0,unified_lgbm
C00378,CUST000378,377,11,5,Medium,Nurture email/SMS,0,0.0110423322350318,7.0,unified_lgbm
C00427,CUST000427,426,11,5,Medium,Nurture email/SMS,0,0.0073224119101284,7.0,unified_lgbm
C00341,CUST000341,340,11,5,Medium,Nurture email/SMS,0,0.0083880786133017,7.0,unified_lgbm
C00437,CUST000437,436,10,5,Medium,Nurture email/SMS,0,0.0193219469690116,7.0,unified_lgbm
C00073,CUST000073,72,10,5,Medium,Nurture email/SMS,0,0.0168717140768063,7.0,unified_lgbm
C00463,CUST000463,462,10,5,Medium,Nurture email/SMS,0,0.0177965187257938,7.0,unified_lgbm
C00284,CUST000284,283,10,5,Medium,Nurture email/SMS,0,0.0170850038785928,7.0,unified_lgbm
C00347,CUST000347,346,10,5,Medium,Nurture email/SMS,0,0.0183229715435859,7.0,unified_lgbm
C00491,CUST000491,490,10,5,Medium,Nurture email/SMS,0,0.0139330965538726,7.0,unified_lgbm
C00312,CUST000312,311,10,5,Medium,Nurture email/SMS,0,0.0231757784748314,7.0,unified_lgbm
C00034,CUST000034,33,10,5,Medium,Nurture email/SMS,0,0.0320881997913317,7.0,unified_lgbm
C00458,CUST000458,457,9,5,Medium,Nurture email/SMS,0,0.0314171581206655,7.0,unified_lgbm
C00058,CUST000058,57,9,5,Medium,Nurture email/SMS,0,0.0383348601065108,7.0,unified_lgbm
C00142,CUST000142,141,10,5,Medium,Nurture email/SMS,0,0.005863471200774,6.0,unified_lgbm
C00204,CUST000204,203,10,5,Medium,Nurture email/SMS,0,0.0040323197486247,6.0,unified_lgbm
C00329,CUST000329,328,10,5,Medium,Nurture email/SMS,0,0.0122435787725292,6.0,unified_lgbm
C00256,CUST000256,255,10,5,Medium,Nurture email/SMS,0,0.0105537478315929,6.0,unified_lgbm
C00079,CUST000079,78,10,5,Medium,Nurture email/SMS,0,0.010664840543331,6.0,unified_lgbm
C00227,CUST000227,226,9,5,Medium,Nurture email/SMS,0,0.026607917395408,6.0,unified_lgbm
C00119,CUST000119,118,9,5,Medium,Nurture email/SMS,0,0.0165558330726286,6.0,unified_lgbm
C00352,CUST000352,351,9,5,Medium,Nurture email/SMS,0,0.0204500622836856,6.0,unified_lgbm
C00370,CUST000370,369,9,5,Medium,Nurture email/SMS,0,0.016558001642633,6.0,unified_lgbm
C00361,CUST000361,360,9,5,Medium,Nurture email/SMS,0,0.010685523185267,6.0,unified_lgbm
C00044,CUST000044,43,9,5,Medium,Nurture email/SMS,0,0.0174429862868068,6.0,unified_lgbm
C00331,CUST000331,330,9,5,Medium,Nurture email/SMS,0,0.0159660504845016,6.0,unified_lgbm
C00475,CUST000475,474,8,6,Medium,Nurture email/SMS,0,0.0277965554876773,6.0,unified_lgbm
C00288,CUST000288,287,8,6,Medium,Nurture email/SMS,0,0.0211698464520528,6.0,unified_lgbm
C00208,CUST000208,207,8,6,Medium,Nurture email/SMS,0,0.0329596445507567,6.0,unified_lgbm
C00270,CUST000270,269,8,6,Medium,Nurture email/SMS,0,0.0350912904550295,6.0,unified_lgbm
C00237,CUST000237,236,7,6,Medium,Nurture email/SMS,0,0.0358912755379362,6.0,unified_lgbm
C00278,CUST000278,277,9,5,Medium,Nurture email/SMS,0,0.0016165156562344,5.0,unified_lgbm
C00429,CUST000429,428,8,5,Medium,Nurture email/SMS,0,0.0095976244670773,5.0,unified_lgbm
C00205,CUST000205,204,8,6,Medium,Nurture email/SMS,0,0.0019074078370896,5.0,unified_lgbm
C00319,CUST000319,318,8,6,Medium,Nurture email/SMS,0,0.0111559438029948,5.0,unified_lgbm
C00071,CUST000071,70,8,6,Medium,Nurture email/SMS,0,0.0050753634447007,5.0,unified_lgbm
C00328,CUST000328,327,8,6,Medium,Nurture email/SMS,0,0.008787626091794,5.0,unified_lgbm
C00085,CUST000085,84,8,6,Medium,Nurture email/SMS,0,0.0018129618626011,5.0,unified_lgbm
C00074,CUST000074,73,8,6,Medium,Nurture email/SMS,0,0.0040238872249651,5.0,unified_lgbm
C00231,CUST000231,230,8,6,Medium,Nurture email/SMS,0,0.0169150805083868,5.0,unified_lgbm
C00244,CUST000244,243,8,6,Medium,Nurture email/SMS,0,0.002670731531584,5.0,unified_lgbm
C00295,CUST000295,294,8,6,Medium,Nurture email/SMS,0,0.0079236407039119,5.0,unified_lgbm
C00414,CUST000414,413,8,6,Medium,Nurture email/SMS,0,0.0167602692421329,5.0,unified_lgbm
C00174,CUST000174,173,7,6,Medium,Nurture email/SMS,0,0.0081588175450503,5.0,unified_lgbm
C00101,CUST000101,100,7,6,Medium,Nurture email/SMS,0,0.0090265968690293,5.0,unified_lgbm
C00451,CUST000451,450,7,6,Medium,Nurture email/SMS,0,0.00843915994063,5.0,unified_lgbm
C00171,CUST000171,170,7,6,Medium,Nurture email/SMS,0,0.0110571508125344,5.0,unified_lgbm
C00017,CUST000017,16,6,6,Medium,Nurture email/SMS,0,0.0272219950479484,5.0,unified_lgbm
C00007,CUST000007,6,6,6,Medium,Nurture email/SMS,0,0.0254154733247797,5.0,unified_lgbm
C00372,CUST000372,371,5,7,Low,Low-touch cohort,0,0.042495476130317,5.0,unified_lgbm
C00120,CUST000120,119,3,7,Low,Low-touch cohort,0,0.067527973543449,5.0,unified_lgbm
C00452,CUST000452,451,6,6,Medium,Nurture email/SMS,0,0.0040434067807239,4.0,unified_lgbm
C00003,CUST000003,2,6,6,Medium,Nurture email/SMS,0,0.0177020353796006,4.0,unified_lgbm
C00313,CUST000313,312,6,6,Medium,Nurture email/SMS,0,0.0207880742094656,4.0,unified_lgbm
C00038,CUST000038,37,6,6,Medium,Nurture email/SMS,0,0.0089700992376041,4.0,unified_lgbm
C00311,CUST000311,310,6,6,Medium,Nurture email/SMS,0,0.005164405643523,4.0,unified_lgbm
C00260,CUST000260,259,6,6,Medium,Nurture email/SMS,0,0.0031712348291033,4.0,unified_lgbm
C00229,CUST000229,228,6,6,Medium,Nurture email/SMS,0,0.0128979265892865,4.0,unified_lgbm
C00377,CUST000377,376,6,6,Medium,Nurture email/SMS,0,0.0198831652152928,4.0,unified_lgbm
C00104,CUST000104,103,6,6,Medium,Nurture email/SMS,0,0.0128547446331705,4.0,unified_lgbm
C00419,CUST000419,418,6,6,Medium,Nurture email/SMS,0,0.0071195459056217,4.0,unified_lgbm
C00153,CUST000153,152,6,6,Medium,Nurture email/SMS,0,0.0161879608979174,4.0,unified_lgbm
C00339,CUST000339,338,5,7,Low,Low-touch cohort,0,0.0167498514140815,4.0,unified_lgbm
C00349,CUST000349,348,5,6,Low,Nurture email/SMS,0,0.0303552733403705,4.0,unified_lgbm
C00165,CUST000165,164,5,7,Low,Low-touch cohort,0,0.0222279976388052,4.0,unified_lgbm
C00500,CUST000500,499,4,7,Low,Low-touch cohort,0,0.0305075875962143,4.0,unified_lgbm
C00467,CUST000467,466,5,7,Low,Low-touch cohort,0,0.0092771591579156,3.0,unified_lgbm
C00126,CUST000126,125,5,6,Medium,Nurture email/SMS,0,0.0081478539277002,3.0,unified_lgbm
C00289,CUST000289,288,5,7,Low,Low-touch cohort,0,0.0072347939896861,3.0,unified_lgbm
C00092,CUST000092,91,5,7,Low,Low-touch cohort,0,0.0039281788724108,3.0,unified_lgbm
C00132,CUST000132,131,5,6,Low,Nurture email/SMS,0,0.011291228012315,3.0,unified_lgbm
C00137,CUST000137,136,5,7,Low,Low-touch cohort,0,0.0095529988972647,3.0,unified_lgbm
C00275,CUST000275,274,5,7,Low,Low-touch cohort,0,0.00355912159602,3.0,unified_lgbm
C00089,CUST000089,88,5,7,Low,Low-touch cohort,0,0.0091417724346912,3.0,unified_lgbm
C00090,CUST000090,89,5,7,Low,Low-touch cohort,0,0.009215970193754,3.0,unified_lgbm
C00334,CUST000334,333,5,7,Low,Low-touch cohort,0,0.0014306480144066,3.0,unified_lgbm
C00221,CUST000221,220,5,7,Low,Low-touch cohort,0,0.0088985043674556,3.0,unified_lgbm
C00477,CUST000477,476,5,7,Low,Low-touch cohort,0,0.004183408021314,3.0,unified_lgbm
C00471,CUST000471,470,5,7,Low,Low-touch cohort,0,0.0115518613227645,3.0,unified_lgbm
C00082,CUST000082,81,4,7,Low,Low-touch cohort,0,0.0065702252544118,3.0,unified_lgbm
C00422,CUST000422,421,4,7,Low,Low-touch cohort,0,0.0043543598546535,3.0,unified_lgbm
C00449,CUST000449,448,4,7,Low,Low-touch cohort,0,0.0245077939553704,3.0,unified_lgbm
C00061,CUST000061,60,4,7,Low,Low-touch cohort,0,0.0145319688612768,3.0,unified_lgbm
C00016,CUST000016,15,4,7,Low,Low-touch cohort,0,0.0035607107328929,3.0,unified_lgbm
C00412,CUST000412,411,4,7,Low,Low-touch cohort,0,0.0170532476135965,3.0,unified_lgbm
C00269,CUST000269,268,4,7,Low,Low-touch cohort,0,0.0132348049814147,3.0,unified_lgbm
C00015,CUST000015,14,4,7,Low,Low-touch cohort,0,0.0242553129859685,3.0,unified_lgbm
C00063,CUST000063,62,4,7,Low,Low-touch cohort,0,0.0109317830529766,3.0,unified_lgbm
C00230,CUST000230,229,4,7,Low,Low-touch cohort,0,0.0111430354956642,3.0,unified_lgbm
C00081,CUST000081,80,4,7,Low,Low-touch cohort,0,0.0107224875330678,3.0,unified_lgbm
C00261,CUST000261,260,3,8,Low,Low-touch cohort,0,0.0177707899760648,3.0,unified_lgbm
C00218,CUST000218,217,3,7,Low,Low-touch cohort,0,0.0205954008797533,3.0,unified_lgbm
C00381,CUST000381,380,3,7,Low,Low-touch cohort,0,0.02207127628296,3.0,unified_lgbm
C00391,CUST000391,390,3,8,Low,Low-touch cohort,0,0.0297352713084579,3.0,unified_lgbm
C00152,CUST000152,151,2,8,Low,Low-touch cohort,0,0.0414808010852717,3.0,unified_lgbm
C00187,CUST000187,186,2,8,Low,Low-touch cohort,0,0.0361468316308697,3.0,unified_lgbm
C00438,CUST000438,437,1,9,Very Low,Low-touch cohort,0,0.0478376636097019,3.0,unified_lgbm
C00173,CUST000173,172,4,7,Low,Low-touch cohort,0,0.0022342358178408,2.0,unified_lgbm
C00112,CUST000112,111,4,7,Low,Low-touch cohort,0,0.0007844891171391,2.0,unified_lgbm
C00194,CUST000194,193,4,7,Low,Low-touch cohort,0,0.0016730284347399,2.0,unified_lgbm
C00243,CUST000243,242,3,8,Low,Low-touch cohort,0,0.0014442782849535,2.0,unified_lgbm
C00087,CUST000087,86,3,8,Low,Low-touch cohort,0,0.010989947721007,2.0,unified_lgbm
C00238,CUST000238,237,3,8,Low,Low-touch cohort,0,0.0068464409368989,2.0,unified_lgbm
C00223,CUST000223,222,3,7,Low,Low-touch cohort,0,0.0044333709337273,2.0,unified_lgbm
C00166,CUST000166,165,3,8,Low,Low-touch cohort,0,0.0017910423968091,2.0,unified_lgbm
C00373,CUST000373,372,3,8,Low,Low-touch cohort,0,0.0146618900944081,2.0,unified_lgbm
C00236,CUST000236,235,3,8,Low,Low-touch cohort,0,0.0116397170447798,2.0,unified_lgbm
C00356,CUST000356,355,3,7,Low,Low-touch cohort,0,0.0014056413950978,2.0,unified_lgbm
C00320,CUST000320,319,3,7,Low,Low-touch cohort,0,0.0052104300891701,2.0,unified_lgbm
C00362,CUST000362,361,3,8,Low,Low-touch cohort,0,0.0063309278288016,2.0,unified_lgbm
C00052,CUST000052,51,3,8,Low,Low-touch cohort,0,0.004029957199987,2.0,unified_lgbm
C00468,CUST000468,467,3,8,Low,Low-touch cohort,0,0.0058162701070162,2.0,unified_lgbm
C00156,CUST000156,155,3,7,Low,Low-touch cohort,0,0.0010731615492828,2.0,unified_lgbm
C00099,CUST000099,98,3,7,Low,Low-touch cohort,0,0.0050616156510794,2.0,unified_lgbm
C00499,CUST000499,498,2,9,Very Low,Low-touch cohort,0,0.0091888004079348,2.0,unified_lgbm
C00146,CUST000146,145,2,8,Low,Low-touch cohort,0,0.0207222459554764,2.0,unified_lgbm
C00490,CUST000490,489,2,8,Low,Low-touch cohort,0,0.0103441572371018,2.0,unified_lgbm
C00109,CUST000109,108,2,8,Low,Low-touch cohort,0,0.0098330914869127,2.0,unified_lgbm
C00343,CUST000343,342,2,8,Low,Low-touch cohort,0,0.0166470531930994,2.0,unified_lgbm
C00479,CUST000479,478,2,8,Low,Low-touch cohort,0,0.0183329246462904,2.0,unified_lgbm
C00246,CUST000246,245,2,8,Low,Low-touch cohort,0,0.0096155921017533,2.0,unified_lgbm
C00337,CUST000337,336,2,8,Low,Low-touch cohort,0,0.0173473828493319,2.0,unified_lgbm
C00409,CUST000409,408,2,9,Very Low,Low-touch cohort,0,0.009906867499636,2.0,unified_lgbm
C00172,CUST000172,171,1,9,Very Low,Low-touch cohort,0,0.0311858313973427,2.0,unified_lgbm
C00333,CUST000333,332,1,9,Very Low,Low-touch cohort,0,0.0283531713960673,2.0,unified_lgbm
C00022,CUST000022,21,1,9,Very Low,Low-touch cohort,0,0.0419245546999946,2.0,unified_lgbm
C00155,CUST000155,154,1,9,Very Low,Low-touch cohort,0,0.035981922444495,2.0,unified_lgbm
C00220,CUST000220,219,1,9,Very Low,Low-touch cohort,0,0.037697871943776,2.0,unified_lgbm
C00316,CUST000316,315,1,9,Very Low,Low-touch cohort,0,0.0276290486908183,2.0,unified_lgbm
C00346,CUST000346,345,1,9,Very Low,Low-touch cohort,0,0.0243329956929451,2.0,unified_lgbm
C00425,CUST000425,424,0,10,Very Low,Low-touch cohort,0,0.0398656731475246,2.0,unified_lgbm
C00298,CUST000298,297,0,10,Very Low,Low-touch cohort,0,0.0422440757153197,2.0,unified_lgbm
C00405,CUST000405,404,2,8,Low,Low-touch cohort,0,0.0016457795319338,1.0,unified_lgbm
C00454,CUST000454,453,2,8,Low,Low-touch cohort,0,0.0057906353041172,1.0,unified_lgbm
C00387,CUST000387,386,2,8,Low,Low-touch cohort,0,0.006158812783976,1.0,unified_lgbm
C00121,CUST000121,120,2,8,Low,Low-touch cohort,0,0.0059781183426538,1.0,unified_lgbm
C00400,CUST000400,399,2,8,Low,Low-touch cohort,0,0.0033317745625553,1.0,unified_lgbm
C00004,CUST000004,3,2,8,Low,Low-touch cohort,0,0.0024027060151559,1.0,unified_lgbm
C00239,CUST000239,238,2,9,Very Low,Low-touch cohort,0,0.0016950121384973,1.0,unified_lgbm
C00413,CUST000413,412,2,8,Low,Low-touch cohort,0,0.004557420423563,1.0,unified_lgbm
C00110,CUST000110,109,1,9,Very Low,Low-touch cohort,0,0.0045187383085779,1.0,unified_lgbm
C00062,CUST000062,61,1,9,Very Low,Low-touch cohort,0,0.0097787901873874,1.0,unified_lgbm
C00318,CUST000318,317,1,9,Very Low,Low-touch cohort,0,0.016044449334622,1.0,unified_lgbm
C00411,CUST000411,410,1,9,Very Low,Low-touch cohort,0,0.0071810391038172,1.0,unified_lgbm
C00065,CUST000065,64,1,9,Very Low,Low-touch cohort,0,0.0089604032334128,1.0,unified_lgbm
C00160,CUST000160,159,1,9,Very Low,Low-touch cohort,0,0.0174783173275566,1.0,unified_lgbm
C00420,CUST000420,419,1,9,Very Low,Low-touch cohort,0,0.0107516435994549,1.0,unified_lgbm
C00432,CUST000432,431,1,9,Very Low,Low-touch cohort,0,0.0097482177264367,1.0,unified_lgbm
C00254,CUST000254,253,1,9,Very Low,Low-touch cohort,0,0.0167627233953861,1.0,unified_lgbm
C00130,CUST000130,129,1,9,Very Low,Low-touch cohort,0,0.0157236463984592,1.0,unified_lgbm
C00259,CUST000259,258,1,9,Very Low,Low-touch cohort,0,0.0189586815624385,1.0,unified_lgbm
C00093,CUST000093,92,1,9,Very Low,Low-touch cohort,0,0.0044519973251438,1.0,unified_lgbm
C00382,CUST000382,381,1,9,Very Low,Low-touch cohort,0,0.0121709638770464,1.0,unified_lgbm
C00053,CUST000053,52,1,9,Very Low,Low-touch cohort,0,0.0194747427751634,1.0,unified_lgbm
C00123,CUST000123,122,1,9,Very Low,Low-touch cohort,0,0.006318183697983,1.0,unified_lgbm
C00186,CUST000186,185,0,,,,,0.0134096089264224,1.0,unified_lgbm
C00136,CUST000136,135,0,,,,,0.0304477340820054,1.0,unified_lgbm
C00232,CUST000232,231,0,,,,,0.0343535887671934,1.0,unified_lgbm
C00285,CUST000285,284,0,9,Very Low,Low-touch cohort,0,0.014935952753862,1.0,unified_lgbm
C00371,CUST000371,370,0,10,Very Low,Low-touch cohort,0,0.0158782730399941,1.0,unified_lgbm
C00178,CUST000178,177,0,,,,,0.0174818294711718,1.0,unified_lgbm
C00250,CUST000250,249,0,10,Very Low,Low-touch cohort,0,0.0134545927313697,1.0,unified_lgbm
C00351,CUST000351,350,0,10,Very Low,Low-touch cohort,0,0.0187093362365279,1.0,unified_lgbm
C00080,CUST000080,79,0,10,Very Low,Low-touch cohort,0,0.0213964425988146,1.0,unified_lgbm
C00297,CUST000297,296,0,10,Very Low,Low-touch cohort,0,0.028958676058467,1.0,unified_lgbm
C00493,CUST000493,492,0,10,Very Low,Low-touch cohort,0,0.0185392298404254,1.0,unified_lgbm
C00143,CUST000143,142,0,10,Very Low,Low-touch cohort,0,0.0171084662529136,1.0,unified_lgbm
C00162,CUST000162,161,0,,,,,0.0343540857174976,1.0,unified_lgbm
C00299,CUST000299,298,0,9,Very Low,Low-touch cohort,0,0.0139105251544565,1.0,unified_lgbm
C00049,CUST000049,48,0,10,Very Low,Low-touch cohort,0,0.0233199608421721,1.0,unified_lgbm
C00103,CUST000103,102,0,10,Very Low,Low-touch cohort,0,0.0290081485224309,1.0,unified_lgbm
C00369,CUST000369,368,0,,,,,0.0133004176718427,1.0,unified_lgbm
C00315,CUST000315,314,0,9,Very Low,Low-touch cohort,0,0.0065138235459671,0.0,unified_lgbm
C00075,CUST000075,74,0,10,Very Low,Low-touch cohort,0,0.0036917696461816,0.0,unified_lgbm
C00417,CUST000417,416,0,10,Very Low,Low-touch cohort,0,0.0093711850936263,0.0,unified_lgbm
C00290,CUST000290,289,0,10,Very Low,Low-touch cohort,0,0.0010444099636774,0.0,unified_lgbm
C00262,CUST000262,261,0,10,Very Low,Low-touch cohort,0,0.0055016076681188,0.0,unified_lgbm
C00317,CUST000317,316,0,10,Very Low,Low-touch cohort,0,0.0036428246126569,0.0,unified_lgbm
C00214,CUST000214,213,0,9,Very Low,Low-touch cohort,0,0.0011849770083451,0.0,unified_lgbm
C00116,CUST000116,115,0,10,Very Low,Low-touch cohort,0,0.0015502352174775,0.0,unified_lgbm
C00233,CUST000233,232,0,10,Very Low,Low-touch cohort,0,0.0103735731516833,0.0,unified_lgbm
C00201,CUST000201,200,0,10,Very Low,Low-touch cohort,0,0.0009698010040881,0.0,unified_lgbm
C00169,CUST000169,168,0,10,Very Low,Low-touch cohort,0,0.002045004734593,0.0,unified_lgbm
C00376,CUST000376,375,0,10,Very Low,Low-touch cohort,0,0.0052799363512275,0.0,unified_lgbm
C00498,CUST000498,497,0,9,Very Low,Low-touch cohort,0,0.0058607302339194,0.0,unified_lgbm
C00302,CUST000302,301,0,9,Very Low,Low-touch cohort,0,0.0059052327820188,0.0,unified_lgbm
C00354,CUST000354,353,0,10,Very Low,Low-touch cohort,0,0.003297337622503,0.0,unified_lgbm
C00029,CUST000029,28,0,10,Very Low,Low-touch cohort,0,0.0115817179195652,0.0,unified_lgbm
C00100,CUST000100,99,0,10,Very Low,Low-touch cohort,0,0.0047572053342724,0.0,unified_lgbm
C00203,CUST000203,202,0,10,Very Low,Low-touch cohort,0,0.0054668946077912,0.0,unified_lgbm
C00102,CUST000102,101,0,10,Very Low,Low-touch cohort,0,0.0061810354557345,0.0,unified_lgbm
C00273,CUST000273,272,0,,,,,0.0110223219628369,0.0,unified_lgbm
C00241,CUST000241,240,0,10,Very Low,Low-touch cohort,0,0.0102222387669112,0.0,unified_lgbm
C00293,CUST000293,292,0,10,Very Low,Low-touch cohort,0,0.007521163201942,0.0,unified_lgbm
C00390,CUST000390,389,0,,,,,0.0075719270603152,0.0,unified_lgbm
C00485,CUST000485,484,0,,,,,0.0100194236912891,0.0,unified_lgbm
C00059,CUST000059,58,0,10,Very Low,Low-touch cohort,0,0.0104343824378939,0.0,unified_lgbm
C00466,CUST000466,465,0,10,Very Low,Low-touch cohort,0,0.0031064026010449,0.0,unified_lgbm
C00280,CUST000280,279,0,,,,,0.0111940738968806,0.0,unified_lgbm
C00249,CUST000249,248,0,10,Very Low,Low-touch cohort,0,0.0083877166861071,0.0,unified_lgbm
C00384,CUST000384,383,0,,,,,0.0083559490155225,0.0,unified_lgbm
C00423,CUST000423,422,0,10,Very Low,Low-touch cohort,0,0.00780337066465,0.0,unified_lgbm
C00355,CUST000355,354,0,10,Very Low,Low-touch cohort,0,0.0100609605773906,0.0,unified_lgbm
C00206,CUST000206,205,0,10,Very Low,Low-touch cohort,0,0.0053750155700881,0.0,unified_lgbm
C00105,CUST000105,104,0,9,Very Low,Low-touch cohort,0,0.0051101111388485,0.0,unified_lgbm
C00014,CUST000014,13,0,,,,,0.0102523335425341,0.0,unified_lgbm
C00359,CUST000359,358,0,10,Very Low,Low-touch cohort,0,0.00288379331953,0.0,unified_lgbm
C00051,CUST000051,50,0,10,Very Low,Low-touch cohort,0,0.0011971694440095,0.0,unified_lgbm
